test	status	suite	shard	exit	cycles	wall_s	perm	detail
test_bac_v2_cl.TestBACV2CommitEventSurvivesCommitSquash::test_a_commit_on_a_squash_cycle_still_reaches_the_bpu	PASS	block-BACV2	none			0		
test_bac_v2_cl.TestBACV2CommitEventSurvivesCommitSquash::test_an_unknown_bb_idx_on_a_squash_cycle_dispatches_nothing	PASS	block-BACV2	none			0		
test_bac_v2_cl.TestBACV2CommitEventSurvivesCommitSquash::test_the_squash_itself_still_issues_on_that_cycle	PASS	block-BACV2	none			0		
test_bac_v2_cl.TestBACV2Construction::test_clear_states_flushes_the_ftq_and_clears_the_ack_slot	PASS	block-BACV2	none			0		
test_bac_v2_cl.TestBACV2Construction::test_clear_states_sets_running_at_committed_pc	PASS	block-BACV2	none			0		
test_bac_v2_cl.TestBACV2Construction::test_default_parameters_match_spec_9	PASS	block-BACV2	none			0		
test_bac_v2_cl.TestBACV2Construction::test_dut_constructs_its_own_bpu_and_ftq_children	PASS	block-BACV2	none			0		
test_bac_v2_cl.TestBACV2Construction::test_initial_status_is_idle	PASS	block-BACV2	none			0		
test_bac_v2_cl.TestBACV2Construction::test_reset_signal_returns_the_thread_to_idle_at_the_initial_pc	PASS	block-BACV2	none			0		
test_bac_v2_cl.TestBACV2FTFormation::test_a_rejected_predict_emits_no_ft_and_holds_bacpc	PASS	block-BACV2	none			0		
test_bac_v2_cl.TestBACV2FTFormation::test_a_retry_after_a_reject_succeeds_when_a_pool_frees	PASS	block-BACV2	none			0		
test_bac_v2_cl.TestBACV2FTFormation::test_branch_less_ft_ends_at_the_window_edge_and_is_not_a_bb_end	PASS	block-BACV2	none			0		
test_bac_v2_cl.TestBACV2FTFormation::test_ft_is_exactly_one_per_cycle	PASS	block-BACV2	none			0		
test_bac_v2_cl.TestBACV2FTFormation::test_ft_never_crosses_a_window	PASS	block-BACV2	none			0		
test_bac_v2_cl.TestBACV2FTFormation::test_terminal_ft_end_uses_the_compressed_size	PASS	block-BACV2	none			0		
test_bac_v2_cl.TestBACV2FTFormation::test_terminal_ft_ends_exclusive_at_the_terminal	PASS	block-BACV2	none			0		
test_bac_v2_cl.TestBACV2FTFormation::test_the_retry_re_reads_the_window	PASS	block-BACV2	none			0		
test_bac_v2_cl.TestBACV2FTFormation::test_window_edge_ft_for_an_all_not_taken_member_set	PASS	block-BACV2	none			0		
test_bac_v2_cl.TestBACV2GenerationEntryTest::test_ftq_full_at_entry_emits_no_ft_and_holds_bacpc	PASS	block-BACV2	none			0		
test_bac_v2_cl.TestBACV2GenerationEntryTest::test_ftqfull_at_entry_is_latched_even_without_a_tick_req	PASS	block-BACV2	none			0		
test_bac_v2_cl.TestBACV2InsertOrder::test_bacpc_is_advanced_only_after_the_insert	PASS	block-BACV2	none			0		
test_bac_v2_cl.TestBACV2InsertOrder::test_insert_precedes_the_ftqfull_latch	PASS	block-BACV2	none			0		
test_bac_v2_cl.TestBACV2InsertOrder::test_post_insert_fullness_does_not_lose_the_ft	PASS	block-BACV2	none			0		
test_bac_v2_cl.TestBACV2InsertOrder::test_predict_is_called_even_for_a_branch_less_ft	PASS	block-BACV2	none			0		
test_bac_v2_cl.TestBACV2InsertOrder::test_prediction_accepted_is_always_inserted	PASS	block-BACV2	none			0		
test_bac_v2_cl.TestBACV2InsertOrder::test_window_read_precedes_the_predict_call	PASS	block-BACV2	none			0		
test_bac_v2_cl.TestBACV2ResteerProtocol::test_an_invalid_resteer_request_is_a_no_op	PASS	block-BACV2	none			0		
test_bac_v2_cl.TestBACV2ResteerProtocol::test_resteer_ack_is_a_registered_single_cycle_pulse	PASS	block-BACV2	none			0		
test_bac_v2_cl.TestBACV2ResteerProtocol::test_resteer_ack_is_per_thread	PASS	block-BACV2	none			0		
test_bac_v2_cl.TestBACV2ResteerProtocol::test_resteer_does_not_carry_a_bb_idx	PASS	block-BACV2	none			0		
test_bac_v2_cl.TestBACV2ResteerProtocol::test_resteer_is_buffered_unconditionally	PASS	block-BACV2	none			0		
test_bac_v2_cl.TestBACV2ResteerProtocol::test_resteer_is_consumed_after_the_auto_transition_and_overrides_it	PASS	block-BACV2	none			0		
test_bac_v2_cl.TestBACV2ResteerProtocol::test_resteer_is_running_two_cycles_later	PASS	block-BACV2	none			0		
test_bac_v2_cl.TestBACV2ResteerProtocol::test_resteer_redirects_bacpc_and_flushes_the_ftq	PASS	block-BACV2	none			0		
test_bac_v2_cl.TestBACV2ResteerProtocol::test_the_ack_survives_a_higher_priority_squash	PASS	block-BACV2	none			0		
test_bac_v2_cl.TestBACV2ResteerProtocol::test_the_first_post_resteer_ft_forms_at_the_redirected_pc	PASS	block-BACV2	none			0		
test_bac_v2_cl.TestBACV2RetryNeverDrop::test_a_resteer_under_backpressure_is_not_discarded	PASS	block-BACV2	none			0		
test_bac_v2_cl.TestBACV2RetryNeverDrop::test_a_squash_under_backpressure_is_not_discarded	PASS	block-BACV2	none			0		
test_bac_v2_cl.TestBACV2RetryNeverDrop::test_drain_squash_under_backpressure_is_retried	PASS	block-BACV2	none			0		
test_bac_v2_cl.TestBACV2RetryNeverDrop::test_the_resteer_buffer_is_the_retry_mechanism	PASS	block-BACV2	none			0		
test_bac_v2_cl.TestBACV2SlotsAbsoluteIndexing::test_members_below_start_pc_are_pre_filtered_out	PASS	block-BACV2	none			0		
test_bac_v2_cl.TestBACV2SlotsAbsoluteIndexing::test_records_outside_the_window_base_are_ignored	PASS	block-BACV2	none			0		
test_bac_v2_cl.TestBACV2SlotsAbsoluteIndexing::test_slot_bits_use_the_absolute_window_offset	PASS	block-BACV2	none			0		
test_bac_v2_cl.TestBACV2SlotsAbsoluteIndexing::test_slot_size_fields_are_indexed_absolutely_too	PASS	block-BACV2	none			0		
test_bac_v2_cl.TestBACV2SlotsAbsoluteIndexing::test_the_prediction_records_keep_absolute_offsets	PASS	block-BACV2	none			0		
test_bac_v2_cl.TestBACV2SquashCancelsPrediction::test_commit_squash_cancels_this_cycle_prediction	PASS	block-BACV2	none			0		
test_bac_v2_cl.TestBACV2SquashCancelsPrediction::test_decode_squash_cancels_this_cycle_prediction	PASS	block-BACV2	none			0		
test_bac_v2_cl.TestBACV2SquashCancelsPrediction::test_decode_squash_is_one_cycle_latency	PASS	block-BACV2	none			0		
test_bac_v2_cl.TestBACV2SquashCancelsPrediction::test_first_post_redirect_ft_forms_next_cycle_at_the_corrected_pc	PASS	block-BACV2	none			0		
test_bac_v2_cl.TestBACV2SquashCancelsPrediction::test_squash_flushes_the_ftq_in_the_same_cycle	PASS	block-BACV2	none			0		
test_bac_v2_cl.TestBACV2StatusEnum::test_no_deleted_ports_exist	PASS	block-BACV2	none			0		
test_bac_v2_cl.TestBACV2StatusEnum::test_no_v1_deleted_state_exists	PASS	block-BACV2	none			0		
test_bac_v2_cl.TestBACV2StatusEnum::test_status_enum_is_exactly_four_states	PASS	block-BACV2	none			0		
test_bac_v2_cl.TestBACV2StatusFSM::test_commit_trap_squash_enters_squashing	PASS	block-BACV2	none			0		
test_bac_v2_cl.TestBACV2StatusFSM::test_drain_stall_squashes_and_goes_idle	PASS	block-BACV2	none			0		
test_bac_v2_cl.TestBACV2StatusFSM::test_ftq_not_ready_leaves_idle	PASS	block-BACV2	none			0		
test_bac_v2_cl.TestBACV2StatusFSM::test_ftqfull_to_running_when_the_ftq_frees	PASS	block-BACV2	none			0		
test_bac_v2_cl.TestBACV2StatusFSM::test_idle_to_running_when_ftq_ready	PASS	block-BACV2	none			0		
test_bac_v2_cl.TestBACV2StatusFSM::test_only_the_documented_transitions_exist	PASS	block-BACV2	none			0		
test_bac_v2_cl.TestBACV2StatusFSM::test_reject_stall_is_not_a_state	PASS	block-BACV2	none			0		
test_bac_v2_cl.TestBACV2StatusFSM::test_running_to_ftqfull_when_the_ftq_is_full	PASS	block-BACV2	none			0		
test_bac_v2_cl.TestBACV2StatusFSM::test_squashing_auto_transitions_to_running	PASS	block-BACV2	none			0		
test_bac_v2_cl.TestBACV2StatusFSM::test_squashing_lasts_exactly_one_cycle	PASS	block-BACV2	none			0		
test_bac_v2_cl.TestInstSizeConventionBoundary::test_a_commit_origin_corrective_converts_bytes_to_the_enum	PASS	block-BACV2	none			0		
test_bac_v2_cl.TestInstSizeConventionBoundary::test_a_two_byte_branch_converts_to_zero	PASS	block-BACV2	none			0		
test_bac_v2_cl.TestSquashAnchorFreesTheFlushedRows::test_commit_mispredict_anchors_at_the_mispredicting_insts_row	PASS	block-BACV2	none			0		
test_bac_v2_cl.TestSquashAnchorFreesTheFlushedRows::test_commit_type0_squash_anchors_at_the_latched_head_row	PASS	block-BACV2	none			0		
test_bac_v2_cl.TestSquashAnchorFreesTheFlushedRows::test_constructed_squash_freed_younger_equals_flushed_minus_anchor	PASS	block-BACV2	none			0		
test_bac_v2_cl.TestSquashAnchorFreesTheFlushedRows::test_decode_mispredict_anchors_at_the_dec_bb_idx	PASS	block-BACV2	none			0		
test_bac_v2_cl.TestSquashAnchorFreesTheFlushedRows::test_resteer_anchors_at_the_oldest_ftq_row	PASS	block-BACV2	none			0		
test_bac_v2_cl.TestSquashAnchorFreesTheFlushedRows::test_type0_falls_back_to_the_ftq_oldest_when_the_latch_is_absent	PASS	block-BACV2	none			0		
test_bac_v2_cl.TestSquashMergeOldestWins::test_a_younger_squash_is_dropped_while_the_slot_is_occupied	PASS	block-BACV2	none			0		
test_bac_v2_cl.TestSquashMergeOldestWins::test_the_outstanding_squash_survives_many_ticks_of_backpressure	PASS	block-BACV2	none			0		
test_bac_v2_cl.TestSquashMergeOldestWins::test_the_redirect_is_applied_immediately_not_on_landing	PASS	block-BACV2	none			0		
test_bac_v2_cl.TestSquashMergeOldestWins::test_the_status_holds_squashing_until_the_squash_lands	PASS	block-BACV2	none			0		
test_bac_v2_cl.TestType0AnchorSourcing::test_a_fresh_thread_with_no_live_row_sends_the_invalid_anchor	PASS	block-BACV2	none			0		
test_bac_v2_cl.TestType0AnchorSourcing::test_decode_type0_absent_latch_falls_to_the_ft_covering_the_pc	PASS	block-BACV2	none			0		
test_bac_v2_cl.TestType0AnchorSourcing::test_decode_type0_anchor_is_the_ft_stamped_row	PASS	block-BACV2	none			0		
test_bac_v2_cl.TestType0AnchorSourcing::test_decode_type0_unreachable_latch_and_no_covering_entry_falls_to	PASS	block-BACV2	none			0		
test_bac_v2_cl.TestType0AnchorSourcing::test_drain_type0_anchor_is_the_ftq_oldest_row	PASS	block-BACV2	none			0		
test_bac_v2_cl.TestType0AnchorSourcing::test_the_anchor_is_re_read_every_squash_not_latched	PASS	block-BACV2	none			0		
test_bac_v2_cl.TestType0AnchorSourcing::test_type0_commit_anchor_ignores_cur_bb_idx	PASS	block-BACV2	none			0		
test_harness_bacv2::test_conftest_import_strategy_resolves_real_pymtl3	PASS	block-BACV2	none			0		
test_harness_bacv2::test_conftest_import_strategy_uses_the_o3_shim	PASS	block-BACV2	none			0		
test_bimodal_v2_cl.TestBatchLookupIsPureRead::test_allocates_no_checkpoint_and_leaves_sm_untouched	PASS	block-BPredUnitV2	none			0		
test_bimodal_v2_cl.TestBatchLookupIsPureRead::test_count_selects_the_members_and_zero_count_reads_nothing	PASS	block-BPredUnitV2	none			0		
test_bimodal_v2_cl.TestBatchLookupIsPureRead::test_returns_the_counter_values_as_a_taken_mask	PASS	block-BPredUnitV2	none			0		
test_bimodal_v2_cl.TestBimodalCounterSaturation::test_counters_are_per_branch_not_global	PASS	block-BPredUnitV2	none			0		
test_bimodal_v2_cl.TestBimodalCounterSaturation::test_saturates_at_strong_not_taken_0	PASS	block-BPredUnitV2	none			0		
test_bimodal_v2_cl.TestBimodalCounterSaturation::test_saturates_at_strong_taken_3	PASS	block-BPredUnitV2	none			0		
test_bimodal_v2_cl.TestBimodalCounterSaturation::test_weak_and_strong_taken_boundary_flips_the_prediction	PASS	block-BPredUnitV2	none			0		
test_bimodal_v2_cl.TestBimodalCounterSaturation::test_weak_not_taken_is_0_and_predicts_not_taken	PASS	block-BPredUnitV2	none			0		
test_bimodal_v2_cl.TestBpuConfigSurface::test_the_bpu_config_gate_accepts_bimodal	PASS	block-BPredUnitV2	none			0		
test_bimodal_v2_cl.TestBpuConfigSurface::test_the_bpu_with_bimodal_composes_a_cpred_child	PASS	block-BPredUnitV2	none			0		
test_bimodal_v2_cl.TestBpuConfigSurface::test_the_class_the_bpu_names_for_bimodal_is_real_and_on_contract	PASS	block-BPredUnitV2	none			0		
test_bimodal_v2_cl.TestCpredV2PortSurface::test_exposes_every_frozen_cpred_v2_port	PASS	block-BPredUnitV2	none			0		
test_bimodal_v2_cl.TestCpredV2PortSurface::test_request_ports_carry_the_frozen_request_types	PASS	block-BPredUnitV2	none			0		
test_bimodal_v2_cl.TestCpredV2PortSurface::test_surface_is_identical_to_gshare_v2	PASS	block-BPredUnitV2	none			0		
test_bimodal_v2_cl.TestReset::test_a_request_buffered_in_the_reset_cycle_does_not_survive_it	PASS	block-BPredUnitV2	none			0		
test_bimodal_v2_cl.TestReset::test_reset_clears_every_counter	PASS	block-BPredUnitV2	none			0		
test_bimodal_v2_cl.TestReset::test_reset_clears_the_checkpoint_list	PASS	block-BPredUnitV2	none			0		
test_bimodal_v2_cl.TestReset::test_reset_clears_the_next_counter_shadow	PASS	block-BPredUnitV2	none			0		
test_bimodal_v2_cl.TestReset::test_reset_zeroes_both_ghr_images	PASS	block-BPredUnitV2	none			0		
test_bimodal_v2_cl.TestReset::test_the_dut_still_predicts_after_a_reset	PASS	block-BPredUnitV2	none			0		
test_bimodal_v2_cl.TestSetGhrAndChkptAlloc::test_chkpt_alloc_returns_a_live_index_and_grows_occupancy	PASS	block-BPredUnitV2	none			0		
test_bimodal_v2_cl.TestSetGhrAndChkptAlloc::test_chkpt_alloc_stores_the_passed_ghr_even_when_it_differs_from_live	PASS	block-BPredUnitV2	none			0		
test_bimodal_v2_cl.TestSetGhrAndChkptAlloc::test_chkpt_alloc_stores_the_passed_ghr_snapshot	PASS	block-BPredUnitV2	none			0		
test_bimodal_v2_cl.TestSetGhrAndChkptAlloc::test_chkpt_ghr_at_is_none_for_a_never_allocated_or_out_of_range_index	PASS	block-BPredUnitV2	none			0		
test_bimodal_v2_cl.TestSetGhrAndChkptAlloc::test_set_ghr_is_visible_on_the_next_cycle_not_the_current_one	PASS	block-BPredUnitV2	none			0		
test_bimodal_v2_cl.TestSquashToIsTruncationOnly::test_squash_to_at_the_tail_is_a_no_op_on_the_list	PASS	block-BPredUnitV2	none			0		
test_bimodal_v2_cl.TestSquashToIsTruncationOnly::test_squash_to_does_not_release_the_anchor	PASS	block-BPredUnitV2	none			0		
test_bimodal_v2_cl.TestSquashToIsTruncationOnly::test_squash_to_does_not_write_the_ghr_register	PASS	block-BPredUnitV2	none			0		
test_bimodal_v2_cl.TestSquashToIsTruncationOnly::test_squash_to_truncates_strictly_younger_checkpoints	PASS	block-BPredUnitV2	none			0		
test_bimodal_v2_cl.TestTrainModeRouting::test_an_unknown_train_mode_is_a_loud_construct_failure	PASS	block-BPredUnitV2	none			0		
test_bimodal_v2_cl.TestTrainModeRouting::test_commit_mode_trains_only_the_commit_arm	PASS	block-BPredUnitV2	none			0		
test_bimodal_v2_cl.TestTrainModeRouting::test_default_mode_is_squash	PASS	block-BPredUnitV2	none			0		
test_bimodal_v2_cl.TestTrainModeRouting::test_one_counter_update_per_occurrence_in_both_modes	PASS	block-BPredUnitV2	none			0		
test_bimodal_v2_cl.TestTrainModeRouting::test_squash_mode_trains_only_the_squashed_arm	PASS	block-BPredUnitV2	none			0		
test_bpred_unit_v2_cl.TestAssertionA::test_assertion_a_fires_when_a_commit_names_an_older_row	PASS	block-BPredUnitV2	none			0		
test_bpred_unit_v2_cl.TestAssertionA::test_assertion_a_is_not_an_index_comparison	PASS	block-BPredUnitV2	none			0		
test_bpred_unit_v2_cl.TestAssertionA::test_assertion_a_never_fires_over_a_commit_stream	PASS	block-BPredUnitV2	none			0		
test_bpred_unit_v2_cl.TestBulkSquashTruncatesCpredChain::test_a_bulk_squash_truncates_the_cpred_checkpoint_chain	PASS	block-BPredUnitV2	none			0		
test_bpred_unit_v2_cl.TestBulkSquashTruncatesCpredChain::test_a_corrective_still_truncates_via_its_train_not_a_second_port	PASS	block-BPredUnitV2	none			0		
test_bpred_unit_v2_cl.TestI1PerPredictCheck::test_a_predict_on_an_allocation_free_path_stays_silent	PASS	block-BPredUnitV2	none			0		
test_bpred_unit_v2_cl.TestI1PerPredictCheck::test_a_stale_ckpt_image_at_a_predict_fires_the_counter	PASS	block-BPredUnitV2	none			0		
test_bpred_unit_v2_cl.TestI4ReleaseAccountingAssert::test_a_squash_truncation_is_counted_as_a_release	PASS	block-BPredUnitV2	none			0		
test_bpred_unit_v2_cl.TestI4ReleaseAccountingAssert::test_k_cnt_nonzero_is_a_pulse_not_an_invariant	PASS	block-BPredUnitV2	none			0		
test_bpred_unit_v2_cl.TestI4ReleaseAccountingAssert::test_the_A_and_I1_counters_are_enforced_not_merely_exported	PASS	block-BPredUnitV2	none			0		
test_bpred_unit_v2_cl.TestI4ReleaseAccountingAssert::test_the_assertion_fails_the_run_on_a_genuine_leak	PASS	block-BPredUnitV2	none			0		
test_bpred_unit_v2_cl.TestI4ReleaseAccountingAssert::test_the_exported_counter_is_the_asserted_expression	PASS	block-BPredUnitV2	none			0		
test_bpred_unit_v2_cl.TestI4ReleaseAccountingAssert::test_the_i1_conjunct_of_the_gate_is_reachable	PASS	block-BPredUnitV2	none			0		
test_bpred_unit_v2_cl.TestI4ReleaseAccountingAssert::test_the_live_term_balances_at_every_settled_pass	PASS	block-BPredUnitV2	none			0		
test_bpred_unit_v2_cl.TestI4ReleaseAccountingAssert::test_the_live_term_is_load_bearing	PASS	block-BPredUnitV2	none			0		
test_bpred_unit_v2_cl.TestL3AnbPolicy::test_an_all_not_taken_member_set_arms_anb	PASS	block-BPredUnitV2	none			0		
test_bpred_unit_v2_cl.TestL3AnbPolicy::test_only_count_zero_leaves_anb_clear	PASS	block-BPredUnitV2	none			0		
test_bpred_unit_v2_cl.TestL3Bitmap::test_a_second_ending_ft_in_the_same_window_overwrites_not_merges	PASS	block-BPredUnitV2	none			0		
test_bpred_unit_v2_cl.TestL3Bitmap::test_bb_n_plus_1_allocation_does_not_disturb_bb_n_row	PASS	block-BPredUnitV2	none			0		
test_bpred_unit_v2_cl.TestL3Bitmap::test_bitmap_is_not_the_ft_relative_index	PASS	block-BPredUnitV2	none			0		
test_bpred_unit_v2_cl.TestL3Bitmap::test_bitmap_sets_exactly_the_member_offsets	PASS	block-BPredUnitV2	none			0		
test_bpred_unit_v2_cl.TestL3BranchlessFT::test_count_zero_leaves_the_previous_bitmap_untouched	PASS	block-BPredUnitV2	none			0		
test_bpred_unit_v2_cl.TestL3BranchlessFT::test_count_zero_returns_cur_bb_idx_and_arms_no_anb	PASS	block-BPredUnitV2	none			0		
test_bpred_unit_v2_cl.TestL3EntryAllocation::test_anb_set_allocates_a_row_and_a_checkpoint_with_the_live_ghr	PASS	block-BPredUnitV2	none			0		
test_bpred_unit_v2_cl.TestL3EntryAllocation::test_no_anb_means_no_allocation	PASS	block-BPredUnitV2	none			0		
test_bpred_unit_v2_cl.TestL3IBFormationAssert::test_a_non_pushing_class_below_the_terminal_is_a_formation_error	PASS	block-BPredUnitV2	none			0		
test_bpred_unit_v2_cl.TestL3IBFormationAssert::test_a_one_below_the_terminal_is_a_formation_error	PASS	block-BPredUnitV2	none			0		
test_bpred_unit_v2_cl.TestL3IBFormationAssert::test_a_well_formed_member_set_passes_the_formation_check	PASS	block-BPredUnitV2	none			0		
test_bpred_unit_v2_cl.TestL3PoolsShortReject::test_pools_short_rejects_without_any_side_effect	PASS	block-BPredUnitV2	none			0		
test_bpred_unit_v2_cl.TestL3TakenMaskAndTerminal::test_always_taken_classes_are_forced_taken	PASS	block-BPredUnitV2	none			0		
test_bpred_unit_v2_cl.TestL3TakenMaskAndTerminal::test_conditional_members_take_their_counter_opinion	PASS	block-BPredUnitV2	none			0		
test_bpred_unit_v2_cl.TestL3TakenMaskAndTerminal::test_no_taken_record_yields_terminal_minus_one_and_zero_target	PASS	block-BPredUnitV2	none			0		
test_bpred_unit_v2_cl.TestL3TakenMaskAndTerminal::test_only_records_up_to_the_terminal_push_history	PASS	block-BPredUnitV2	none			0		
test_bpred_unit_v2_cl.TestL3TakenMaskAndTerminal::test_terminal_is_the_lowest_taken_record	PASS	block-BPredUnitV2	none			0		
test_bpred_unit_v2_cl.TestL3TakenMaskAndTerminal::test_terminal_target_comes_from_the_btb_record	PASS	block-BPredUnitV2	none			0		
test_bpred_unit_v2_cl.TestL3WriteEntryOrdering::test_same_cycle_alloc_and_write_entry_leaves_the_written_row	PASS	block-BPredUnitV2	none			0		
test_bpred_unit_v2_cl.TestL3WriteEntryOrdering::test_the_rows_checkpoint_is_the_one_the_entry_allocated	PASS	block-BPredUnitV2	none			0		
test_bpred_unit_v2_cl.TestL4Accounting::test_allocation_accounting_balances_over_a_long_sequence	PASS	block-BPredUnitV2	none			0		
test_bpred_unit_v2_cl.TestL4Accounting::test_the_accounting_counter_notices_a_missing_release	PASS	block-BPredUnitV2	none			0		
test_bpred_unit_v2_cl.TestL4BitmapResidency::test_a_pre_terminal_member_reads_bb_n_image_after_bb_n1_predicts	PASS	block-BPredUnitV2	none			0		
test_bpred_unit_v2_cl.TestL4ModeRouting::test_commit_mode_raises_at_construct	PASS	block-BPredUnitV2	none			0		
test_bpred_unit_v2_cl.TestL4ModeRouting::test_squash_mode_does_not_train_at_commit	PASS	block-BPredUnitV2	none			0		
test_bpred_unit_v2_cl.TestL4Release::test_a_commit_matching_the_head_does_not_release	PASS	block-BPredUnitV2	none			0		
test_bpred_unit_v2_cl.TestL4Release::test_a_commit_naming_a_newer_row_releases_the_head_row_and_its_ckpt	PASS	block-BPredUnitV2	none			0		
test_bpred_unit_v2_cl.TestL4Release::test_releasing_a_row_whose_ckpt_was_never_allocated_is_safe	PASS	block-BPredUnitV2	none			0		
test_bpred_unit_v2_cl.TestL4Release::test_two_releases_on_one_head_do_not_double_free	PASS	block-BPredUnitV2	none			0		
test_bpred_unit_v2_cl.TestL4ReleaseNonDegeneracy::test_a_commit_naming_a_gap_row_releases_the_row_at_the_head_only	PASS	block-BPredUnitV2	none			0		
test_bpred_unit_v2_cl.TestL4ReleaseNonDegeneracy::test_the_head_naming_commit_is_inert_while_rows_are_live	PASS	block-BPredUnitV2	none			0		
test_bpred_unit_v2_cl.TestL5Backpressure::test_a_second_squash_does_not_displace_the_first	PASS	block-BPredUnitV2	none			0		
test_bpred_unit_v2_cl.TestL5Backpressure::test_rdy_is_false_while_a_squash_is_outstanding	PASS	block-BPredUnitV2	none			0		
test_bpred_unit_v2_cl.TestL5BulkSquash::test_a_type_zero_squash_never_trains_even_when_taken	PASS	block-BPredUnitV2	none			0		
test_bpred_unit_v2_cl.TestL5BulkSquash::test_a_type_zero_squash_truncates_without_training_or_writing_ghr	PASS	block-BPredUnitV2	none			0		
test_bpred_unit_v2_cl.TestL5CorrectiveTrain::test_the_corrective_trains_at_the_rows_ckpt_image_not_the_live_ghr	PASS	block-BPredUnitV2	none			0		
test_bpred_unit_v2_cl.TestL5Kcnt::test_a_corrective_uses_the_derived_k_cnt_for_g_prime	PASS	block-BPredUnitV2	none			0		
test_bpred_unit_v2_cl.TestL5Kcnt::test_g_prime_is_h0_shifted_by_k_plus_one_or_the_taken_bit	PASS	block-BPredUnitV2	none			0		
test_bpred_unit_v2_cl.TestL5Kcnt::test_k_cnt_is_the_prefix_popcount_of_the_row_bitmap	PASS	block-BPredUnitV2	none			0		
test_bpred_unit_v2_cl.TestL5Kcnt::test_the_window_guard_forces_k_cnt_to_zero	PASS	block-BPredUnitV2	none			0		
test_bpred_unit_v2_cl.TestL5Promotion::test_zs_own_marked_commit_releases_the_row_it_inherited	PASS	block-BPredUnitV2	none			0		
test_bpred_unit_v2_cl.TestL5ReachabilityAssert::test_an_unreachable_in_range_anchor_asserts	PASS	block-BPredUnitV2	none			0		
test_bpred_unit_v2_cl.TestL5TruncationAndAnb::test_g_prime_survives_the_same_pass_squash_to	PASS	block-BPredUnitV2	none			0		
test_bpred_unit_v2_cl.TestL5TruncationAndAnb::test_the_corrective_re_arms_anb	PASS	block-BPredUnitV2	none			0		
test_bpred_unit_v2_cl.TestL5TruncationAndAnb::test_the_retained_row_is_the_anchor_and_its_image_is_intact	PASS	block-BPredUnitV2	none			0		
test_bpred_unit_v2_cl.TestL5TruncationAndAnb::test_younger_rows_and_checkpoints_are_truncated	PASS	block-BPredUnitV2	none			0		
test_bpred_unit_v2_cl.TestOneOwnerBothPoolsSameAnchor::test_a_mispredict_squash_truncates_both_pools_at_the_same_anchor	PASS	block-BPredUnitV2	none			0		
test_bpred_unit_v2_cl.TestOneOwnerBothPoolsSameAnchor::test_a_tail_anchor_frees_zero_rows	PASS	block-BPredUnitV2	none			0		
test_bpred_unit_v2_cl.TestOneOwnerBothPoolsSameAnchor::test_a_type0_resteer_squash_truncates_both_pools_at_the_same_anchor	PASS	block-BPredUnitV2	none			0		
test_bpred_unit_v2_cl.TestOneOwnerBothPoolsSameAnchor::test_the_corrective_truncates_the_ckpt_chain_to_the_anchor	PASS	block-BPredUnitV2	none			0		
test_bpred_unit_v2_cl.TestSec15MispredSquashPulse::test_one_accepted_corrective_is_exactly_one_pulse_even_if_reissued	PASS	block-BPredUnitV2	none			0		
test_bpred_unit_v2_cl.TestSquashOrphanGate::test_a_flushed_row_released_before_the_gate_is_not_an_orphan	PASS	block-BPredUnitV2	none			0		
test_bpred_unit_v2_cl.TestSquashOrphanGate::test_a_strand_with_room_in_the_arena_is_not_yet_fatal	PASS	block-BPredUnitV2	none			0		
test_bpred_unit_v2_cl.TestSquashOrphanGate::test_the_anchor_and_strictly_younger_rows_are_excluded	PASS	block-BPredUnitV2	none			0		
test_bpred_unit_v2_cl.TestSquashOrphanGate::test_the_ftq_records_the_distinct_bb_idx_it_discards_on_a_flush	PASS	block-BPredUnitV2	none			0		
test_bpred_unit_v2_cl.TestSquashOrphanGate::test_the_gate_fires_when_a_strand_saturates_the_arena	PASS	block-BPredUnitV2	none			0		
test_bpu_v2_btb_install.TestInstallClassesAndSlots::test_a_direct_call_consumes_a_target_slot	PASS	block-BPredUnitV2	none			0		
test_bpu_v2_btb_install.TestInstallClassesAndSlots::test_a_direct_uncond_consumes_a_target_slot_and_stores_its_target	PASS	block-BPredUnitV2	none			0		
test_bpu_v2_btb_install.TestInstallClassesAndSlots::test_a_non_conditional_class_installs_through_the_counter_gate[1-False-False-False-Return]	PASS	block-BPredUnitV2	none			0		
test_bpu_v2_btb_install.TestInstallClassesAndSlots::test_a_non_conditional_class_installs_through_the_counter_gate[2-True-False-False-CallDirect]	PASS	block-BPredUnitV2	none			0		
test_bpu_v2_btb_install.TestInstallClassesAndSlots::test_a_non_conditional_class_installs_through_the_counter_gate[3-True-True-False-CallIndirect]	PASS	block-BPredUnitV2	none			0		
test_bpu_v2_btb_install.TestInstallClassesAndSlots::test_a_non_conditional_class_installs_through_the_counter_gate[5-False-False-True-DirectUncond]	PASS	block-BPredUnitV2	none			0		
test_bpu_v2_btb_install.TestInstallClassesAndSlots::test_a_non_conditional_class_installs_through_the_counter_gate[6-False-True-False-IndirectCond]	PASS	block-BPredUnitV2	none			0		
test_bpu_v2_btb_install.TestInstallClassesAndSlots::test_a_non_conditional_class_installs_through_the_counter_gate[7-False-True-True-IndirectUncond]	PASS	block-BPredUnitV2	none			0		
test_bpu_v2_btb_install.TestInstallClassesAndSlots::test_a_return_consumes_no_target_slot	PASS	block-BPredUnitV2	none			0		
test_bpu_v2_btb_install.TestInstallClassesAndSlots::test_an_indirect_consumes_no_target_slot	PASS	block-BPredUnitV2	none			0		
test_bpu_v2_btb_install.TestInstallGateObservedTaken::test_a_not_taken_corrective_does_not_install	PASS	block-BPredUnitV2	none			0		
test_bpu_v2_btb_install.TestInstallGateObservedTaken::test_an_uncond_corrective_installs_with_a_not_taken_payload	PASS	block-BPredUnitV2	none			0		
test_bpu_v2_btb_install.TestInstallPathGating::test_a_bulk_squash_does_not_install	PASS	block-BPredUnitV2	none			0		
test_bpu_v2_btb_install.TestInstallPathGating::test_the_commit_path_does_not_install	PASS	block-BPredUnitV2	none			0		
test_bpu_v2_btb_install.TestInstallPortDiscipline::test_the_install_is_issued_through_the_update_port	PASS	block-BPredUnitV2	none			0		
test_bpu_v2_btb_install.TestL5BtbInstall::test_a_taken_corrective_installs_a_btb_record	PASS	block-BPredUnitV2	none			0		
test_bpu_v2_btb_install.TestL5BtbInstall::test_the_installed_inst_size_uses_the_one_bit_convention	PASS	block-BPredUnitV2	none			0		
test_bpu_v2_btb_install.TestL5BtbInstall::test_the_installed_record_lands_in_the_branchs_own_window	PASS	block-BPredUnitV2	none			0		
test_bpu_v2_surface::test_bpu_v2_construct_rejects_an_unknown_cpred_type	PASS	block-BPredUnitV2	none			0		
test_bpu_v2_surface::test_bpu_v2_drain_complete_reports_drained_on_a_fresh_bpu	PASS	block-BPredUnitV2	none			0		
test_bpu_v2_surface::test_bpu_v2_elaborates_with_bimodal	PASS	block-BPredUnitV2	none			0		
test_bpu_v2_surface::test_bpu_v2_exposes_exactly_the_stub_bpu_port_surface	PASS	block-BPredUnitV2	none			0		
test_bpu_v2_surface::test_bpu_v2_exposes_the_cur_bb_idx_squash_anchor	PASS	block-BPredUnitV2	none			0		
test_bpu_v2_surface::test_bpu_v2_port_request_types_match_the_stub	PASS	block-BPredUnitV2	none			0		
test_bpu_v2_surface::test_bpu_v2_squash_req_carries_rdy_and_returns_a_resp	PASS	block-BPredUnitV2	none			0		
test_btb_v2_cl::test_a_full_set_evicts_the_least_recently_used_way	PASS	block-BPredUnitV2	none			0		
test_btb_v2_cl::test_a_later_install_leaves_the_windows_sibling_records_untouched	PASS	block-BPredUnitV2	none			0		
test_btb_v2_cl::test_a_later_install_overwrites_the_pool_slot_it_reuses	PASS	block-BPredUnitV2	none			0		
test_btb_v2_cl::test_aliasing_windows_are_distinguished_by_tag	PASS	block-BPredUnitV2	none			0		
test_btb_v2_cl::test_all_sixteen_slots_of_a_window_may_hold_members	PASS	block-BPredUnitV2	none			0		
test_btb_v2_cl::test_direct_call_records_consume_a_slot_and_return_call_records_do_not	PASS	block-BPredUnitV2	none			0		
test_btb_v2_cl::test_evict_to_admit_never_hard_fails_a_whole_window_replacement	PASS	block-BPredUnitV2	none			0		
test_btb_v2_cl::test_evicting_a_slot_consumer_frees_its_slot	PASS	block-BPredUnitV2	none			0		
test_btb_v2_cl::test_flush_clears_every_way_of_every_set	PASS	block-BPredUnitV2	none			0		
test_btb_v2_cl::test_install_is_visible_exactly_one_cycle_after_acceptance	PASS	block-BPredUnitV2	none			0		
test_btb_v2_cl::test_invalid_ways_are_filled_before_a_valid_way_is_evicted	PASS	block-BPredUnitV2	none			0		
test_btb_v2_cl::test_pool_covers_a_real_dense_window_resident_plus_one	PASS	block-BPredUnitV2	none			0		
test_btb_v2_cl::test_pool_depth_is_the_documented_null_plus_slots	PASS	block-BPredUnitV2	none			0		
test_btb_v2_cl::test_pool_exhaustion_across_ways_is_reached_only_past_the_measured_max	PASS	block-BPredUnitV2	none			0		
test_btb_v2_cl::test_record_fields_round_trip_through_an_install	PASS	block-BPredUnitV2	none			0		
test_btb_v2_cl::test_record_pc_is_the_window_base_plus_twice_the_offset	PASS	block-BPredUnitV2	none			0		
test_btb_v2_cl::test_records_of_one_set_read_their_targets_from_the_shared_pool	PASS	block-BPredUnitV2	none			0		
test_btb_v2_cl::test_return_and_indirect_records_consume_no_target_slot	PASS	block-BPredUnitV2	none			0		
test_btb_v2_cl::test_same_window_trainings_in_one_pass_coalesce_into_one_write	PASS	block-BPredUnitV2	none			0		
test_btb_v2_cl::test_tag_is_masked_to_cfg_tag_bits	PASS	block-BPredUnitV2	none			0		
test_btb_v2_cl::test_window_index_is_the_window_number_modulo_num_sets	PASS	block-BPredUnitV2	none			0		
test_btb_v2_cl::test_window_read_miss_does_not_disturb_the_lru_order	PASS	block-BPredUnitV2	none			0		
test_btb_v2_cl::test_window_read_of_an_empty_window_reports_the_base_and_no_records	PASS	block-BPredUnitV2	none			0		
test_btb_v2_cl::test_window_read_promotes_the_hit_way_to_mru	PASS	block-BPredUnitV2	none			0		
test_btb_v2_cl::test_window_read_returns_records_of_the_aligned_window	PASS	block-BPredUnitV2	none			0		
test_btb_v2_cl::test_window_req_rdy_is_false_until_the_cycle_consumes_the_read	PASS	block-BPredUnitV2	none			0		
test_cpred_config_surface::test_supported_cpred_types_elaborate[bimodal]	PASS	block-BPredUnitV2	none			0		
test_cpred_config_surface::test_supported_cpred_types_elaborate[gshare]	PASS	block-BPredUnitV2	none			0		
test_cpred_config_surface::test_unsupported_cpred_type_raises_at_construct	PASS	block-BPredUnitV2	none			0		
test_cpred_v2_port_surface::test_cpred_v2_implementation_exposes_the_frozen_port_surface[o3.bimodal_v2_cl]	PASS	block-BPredUnitV2	none			0		
test_cpred_v2_port_surface::test_cpred_v2_implementation_exposes_the_frozen_port_surface[o3.gshare_v2_cl]	PASS	block-BPredUnitV2	none			0		
test_cpred_v2_port_surface::test_cpred_v2_implementations_have_identical_surfaces	PASS	block-BPredUnitV2	none			0		
test_cpred_v2_port_surface::test_cpred_v2_request_ports_carry_the_frozen_request_types	PASS	block-BPredUnitV2	none			0		
test_gshare_v2_cl.TestBatchLookupIsPureRead::test_batch_lookup_leaves_occupancy_next_and_alloc_counts_unchanged	PASS	block-BPredUnitV2	none			0		
test_gshare_v2_cl.TestBatchLookupIsPureRead::test_batch_lookup_reports_reading_beyond_count_as_zero	PASS	block-BPredUnitV2	none			0		
test_gshare_v2_cl.TestBatchLookupIsPureRead::test_batch_lookup_returns_counter_values	PASS	block-BPredUnitV2	none			0		
test_gshare_v2_cl.TestBatchLookupUsesASingleGhr::test_a_nonzero_ghr_moves_every_member_together	PASS	block-BPredUnitV2	none			0		
test_gshare_v2_cl.TestBatchLookupUsesASingleGhr::test_all_members_are_read_at_the_live_ghr	PASS	block-BPredUnitV2	none			0		
test_gshare_v2_cl.TestChkptAlloc::test_alloc_does_not_advance_the_register	PASS	block-BPredUnitV2	none			0		
test_gshare_v2_cl.TestChkptAlloc::test_alloc_reports_rdy_only_when_a_slot_is_free	PASS	block-BPredUnitV2	none			0		
test_gshare_v2_cl.TestChkptAlloc::test_stored_ghr_equals_the_value_passed	PASS	block-BPredUnitV2	none			0		
test_gshare_v2_cl.TestIntraUpProcessOrder::test_same_pass_set_ghr_and_squash_to_keeps_the_set_ghr_value	PASS	block-BPredUnitV2	none			0		
test_gshare_v2_cl.TestIntraUpProcessOrder::test_update_hist_applies_before_set_ghr_in_the_same_pass	PASS	block-BPredUnitV2	none			0		
test_gshare_v2_cl.TestReset::test_reset_clears_counters_and_checkpoints	PASS	block-BPredUnitV2	none			0		
test_gshare_v2_cl.TestReset::test_reset_seeds_both_ghr_images	PASS	block-BPredUnitV2	none			0		
test_gshare_v2_cl.TestSetGhrReq::test_set_ghr_is_masked_to_the_register_width	PASS	block-BPredUnitV2	none			0		
test_gshare_v2_cl.TestSetGhrReq::test_set_ghr_last_one_wins	PASS	block-BPredUnitV2	none			0		
test_gshare_v2_cl.TestSetGhrReq::test_set_ghr_overwrites_and_is_visible_next_cycle	PASS	block-BPredUnitV2	none			0		
test_gshare_v2_cl.TestSquashToIsTruncationOnly::test_squash_to_does_not_write_the_register	PASS	block-BPredUnitV2	none			0		
test_gshare_v2_cl.TestSquashToIsTruncationOnly::test_squash_to_truncates_strictly_younger_checkpoints	PASS	block-BPredUnitV2	none			0		
test_gshare_v2_cl.TestTrainReq::test_commit_mode_does_not_train_on_a_squashed_event	PASS	block-BPredUnitV2	none			0		
test_gshare_v2_cl.TestTrainReq::test_squash_mode_does_not_train_on_a_non_squashed_event	PASS	block-BPredUnitV2	none			0		
test_gshare_v2_cl.TestTrainReq::test_train_does_not_write_the_register	PASS	block-BPredUnitV2	none			0		
test_gshare_v2_cl.TestTrainReq::test_train_is_a_single_step_per_occurrence	PASS	block-BPredUnitV2	none			0		
test_gshare_v2_cl.TestTrainReq::test_train_saturates_at_both_ends	PASS	block-BPredUnitV2	none			0		
test_gshare_v2_cl.TestTrainReq::test_train_updates_the_counter_at_the_ckpt_image_index	PASS	block-BPredUnitV2	none			0		
test_gshare_v2_cl.TestUpdateHistAppliesInIssueOrder::test_issue_order_not_sorted_order	PASS	block-BPredUnitV2	none			0		
test_gshare_v2_cl.TestUpdateHistAppliesInIssueOrder::test_k_pushes_apply_in_issue_order	PASS	block-BPredUnitV2	none			0		
test_gshare_v2_cl.TestUpdateHistAppliesInIssueOrder::test_k_pushes_are_visible_at_the_next_ff	PASS	block-BPredUnitV2	none			0		
test_harness_dir_conftest::test_conftest_import_strategy_resolves_real_pymtl3	PASS	block-BPredUnitV2	none			0		
test_harness_dir_conftest::test_conftest_import_strategy_uses_the_o3_shim	PASS	block-BPredUnitV2	none			0		
test_harness_v2::test_install_window_makes_the_window_readable_from_the_dut	PASS	block-BPredUnitV2	none			0		
test_harness_v2::test_make_btb_v2_elaborates	PASS	block-BPredUnitV2	none			0		
test_harness_v2::test_mk_records_places_records_at_the_given_offsets	PASS	block-BPredUnitV2	none			0		
test_harness_v2::test_tick_advances_the_dut	PASS	block-BPredUnitV2	none			0		
test_ifc_btb_v2::test_btb_flush_req_exists	PASS	block-BPredUnitV2	none			0		
test_ifc_btb_v2::test_btb_update_v2_field_set_matches_spec	PASS	block-BPredUnitV2	none			0		
test_ifc_btb_v2::test_btb_update_v2_round_trips	PASS	block-BPredUnitV2	none			0		
test_ifc_btb_v2::test_inst_size_encoding_boundary	PASS	block-BPredUnitV2	none			0		
test_ifc_btb_v2::test_window_record_field_set_matches_spec	PASS	block-BPredUnitV2	none			0		
test_ifc_btb_v2::test_window_record_round_trips_through_to_from_dict	PASS	block-BPredUnitV2	none			0		
test_ifc_btb_v2::test_window_req_field_set_matches_spec	PASS	block-BPredUnitV2	none			0		
test_ifc_btb_v2::test_window_req_round_trips	PASS	block-BPredUnitV2	none			0		
test_ifc_btb_v2::test_window_resp_field_set_matches_spec	PASS	block-BPredUnitV2	none			0		
test_ifc_btb_v2::test_window_resp_round_trips_records	PASS	block-BPredUnitV2	none			0		
test_ifc_cpred_v2::test_batch_lookup_req_field_set_matches_spec	PASS	block-BPredUnitV2	none			0		
test_ifc_cpred_v2::test_batch_lookup_req_round_trips_keys_and_count	PASS	block-BPredUnitV2	none			0		
test_ifc_cpred_v2::test_batch_lookup_resp_field_set_matches_spec	PASS	block-BPredUnitV2	none			0		
test_ifc_cpred_v2::test_batch_lookup_resp_round_trips_taken_mask	PASS	block-BPredUnitV2	none			0		
test_ifc_cpred_v2::test_chkpt_alloc_req_field_set_matches_spec	PASS	block-BPredUnitV2	none			0		
test_ifc_cpred_v2::test_chkpt_alloc_req_round_trips	PASS	block-BPredUnitV2	none			0		
test_ifc_cpred_v2::test_set_ghr_req_field_set_matches_spec	PASS	block-BPredUnitV2	none			0		
test_ifc_cpred_v2::test_set_ghr_req_round_trips	PASS	block-BPredUnitV2	none			0		
test_ifc_cpred_v2::test_squash_to_req_has_no_ghr_field	PASS	block-BPredUnitV2	none			0		
test_ifc_cpred_v2::test_squash_to_req_round_trips	PASS	block-BPredUnitV2	none			0		
test_ifc_cpred_v2::test_train_req_field_set_matches_spec	PASS	block-BPredUnitV2	none			0		
test_ifc_cpred_v2::test_train_req_round_trips_all_four_fields	PASS	block-BPredUnitV2	none			0		
test_ifc_cpred_v2::test_update_hist_req_field_set_matches_spec	PASS	block-BPredUnitV2	none			0		
test_ifc_cpred_v2::test_update_hist_req_round_trips	PASS	block-BPredUnitV2	none			0		
test_ifc_predict_v2::test_predict_ft_req_field_set_matches_spec	PASS	block-BPredUnitV2	none			0		
test_ifc_predict_v2::test_predict_ft_req_round_trips	PASS	block-BPredUnitV2	none			0		
test_ifc_predict_v2::test_predict_ft_resp_carries_a_16_bit_taken_mask	PASS	block-BPredUnitV2	none			0		
test_ifc_predict_v2::test_predict_ft_resp_field_set_matches_spec	PASS	block-BPredUnitV2	none			0		
test_ifc_predict_v2::test_predict_ft_resp_round_trips_with_defaults	PASS	block-BPredUnitV2	none			0		
test_v1_v2_parity::test_v1_v2_commit_value_stream_parity	PASS	block-BPredUnitV2	none			10		STANDING ACCEPTANCE GATE (plan D3/L0.4), not a normal test: the v2 core does not exist until L9. Fails at L0 for the correct reason (no v2 O3CoreCL). Flipped to REQUIRED at L9 — do NOT delete this test to make the suite green; remove the xfail instead.
test_csr_file_cl.TestConstruction::test_constructs_with_default_params	PASS	block-CSRFile	none			0		
test_csr_file_cl.TestConstruction::test_exposes_read_callee_ifc	PASS	block-CSRFile	none			0		
test_csr_file_cl.TestConstruction::test_exposes_write_callee_ifc	PASS	block-CSRFile	none			0		
test_csr_file_cl.TestConstruction::test_read_rdy_is_true_after_reset	PASS	block-CSRFile	none			0		
test_csr_file_cl.TestMultiThread::test_write_tid0_does_not_affect_tid1	PASS	block-CSRFile	none			0		
test_csr_file_cl.TestOverwriteAndReset::test_overwrite_csr_returns_latest_value	PASS	block-CSRFile	none			0		
test_csr_file_cl.TestOverwriteAndReset::test_reset_restores_misa_default	PASS	block-CSRFile	none			0		
test_csr_file_cl.TestRead::test_read_misa_returns_default_after_reset	PASS	block-CSRFile	none			0		
test_csr_file_cl.TestRead::test_read_uninitialized_csr_returns_zero	PASS	block-CSRFile	none			0		
test_csr_file_cl.TestSStatusAlias::test_read_sstatus_returns_mstatus_view_after_reset	PASS	block-CSRFile	none			0		
test_csr_file_cl.TestSStatusAlias::test_write_sstatus_sie_folds_into_mstatus	PASS	block-CSRFile	none			0		
test_csr_file_cl.TestSStatusAlias::test_write_sstatus_zero_preserves_uxl_sxl	PASS	block-CSRFile	none			0		
test_csr_file_cl.TestTriggerCSRs::test_read_triggers_snapshot	PASS	block-CSRFile	none			0		
test_csr_file_cl.TestTriggerCSRs::test_reset_disables_all_triggers	PASS	block-CSRFile	none			0		
test_csr_file_cl.TestTriggerCSRs::test_tdata1_load_and_store_triggers_round_trip	PASS	block-CSRFile	none			0		
test_csr_file_cl.TestTriggerCSRs::test_tdata1_type2_round_trip	PASS	block-CSRFile	none			0		
test_csr_file_cl.TestTriggerCSRs::test_tdata1_unsupported_type_disabled	PASS	block-CSRFile	none			0		
test_csr_file_cl.TestTriggerCSRs::test_tdata2_write_and_read	PASS	block-CSRFile	none			0		
test_csr_file_cl.TestTriggerCSRs::test_tdata3_write_and_read	PASS	block-CSRFile	none			0		
test_csr_file_cl.TestTriggerCSRs::test_tdata_indirection_across_slots	PASS	block-CSRFile	none			0		
test_csr_file_cl.TestTriggerCSRs::test_tinfo_readonly_value	PASS	block-CSRFile	none			0		
test_csr_file_cl.TestTriggerCSRs::test_tselect_defaults_to_zero	PASS	block-CSRFile	none			0		
test_csr_file_cl.TestTriggerCSRs::test_tselect_out_of_range_ignored	PASS	block-CSRFile	none			0		
test_csr_file_cl.TestTriggerCSRs::test_tselect_write_and_read	PASS	block-CSRFile	none			0		
test_csr_file_cl.TestTwoWriterSlots::test_cmt_write_field_merge_preserves_frm	PASS	block-CSRFile	none			0		
test_csr_file_cl.TestTwoWriterSlots::test_wb_and_cmt_write_same_cycle_both_land	PASS	block-CSRFile	none			0		
test_csr_file_cl.TestTwoWriterSlots::test_wb_and_cmt_write_same_cycle_rdy_restore	PASS	block-CSRFile	none			0		
test_csr_file_cl.TestWrite::test_write_rdy_false_when_pending	PASS	block-CSRFile	none			0		
test_csr_file_cl.TestWrite::test_write_then_read_returns_value_after_tick	PASS	block-CSRFile	none			0		
test_commit_cl.TestADR0005BugFixes::test_no_capable_fu_mce_follows_fault_path	PASS	block-Commit	none			0		
test_commit_cl.TestADR0005BugFixes::test_rob_retire_ack_semantics	PASS	block-Commit	none			0		
test_commit_cl.TestADR0005BugFixes::test_trap_count_init_trapLatency_not_minus_1	PASS	block-Commit	none			0		
test_commit_cl.TestADR0005BugFixes::test_trap_state_cleanup_after_trapSquash	PASS	block-Commit	none			0		
test_commit_cl.TestADR0005M6OptionB::test_commit_derives_prev_phys_reg_via_m6_option_b	PASS	block-Commit	none			0		
test_commit_cl.TestADR0005M6OptionB::test_commit_skips_free_when_allocated_new_false	PASS	block-Commit	none			0		
test_commit_cl.TestADR0005M6OptionB::test_fip_drain_during_rob_squashing_full_bandwidth	PASS	block-Commit	none			0		
test_commit_cl.TestADR0005M6OptionB::test_fip_drain_during_running_strict_priority	PASS	block-Commit	none			0		
test_commit_cl.TestADRCompliance::test_cmt_fip_full_false_when_empty	PASS	block-Commit	none			0		
test_commit_cl.TestADRCompliance::test_cmt_fip_full_when_fifo_full	PASS	block-Commit	none			0		
test_commit_cl.TestADRCompliance::test_fip_clear_on_superseding_squash	PASS	block-Commit	none			0		
test_commit_cl.TestADRCompliance::test_fip_fifo_depth_matches_spec	PASS	block-Commit	none			0		
test_commit_cl.TestADRCompliance::test_has_stores_to_wb_prev_falling_edge	PASS	block-Commit	none			0		
test_commit_cl.TestBackwardBus::test_bc_done_seqnum	PASS	block-Commit	none			0		
test_commit_cl.TestBackwardBus::test_bc_free_rob_entries	PASS	block-Commit	none			0		
test_commit_cl.TestBackwardBus::test_bc_squash_broadcast	PASS	block-Commit	none			0		
test_commit_cl.TestConstructionAndReset::test_reset_can_handle_interrupts	PASS	block-Commit	none			0		
test_commit_cl.TestConstructionAndReset::test_reset_commit_status_running	PASS	block-Commit	none			0		
test_commit_cl.TestConstructionAndReset::test_reset_drain_flags	PASS	block-Commit	none			0		
test_commit_cl.TestConstructionAndReset::test_reset_fip_fifo_empty	PASS	block-Commit	none			0		
test_commit_cl.TestConstructionAndReset::test_reset_pc	PASS	block-Commit	none			0		
test_commit_cl.TestConstructionAndReset::test_reset_seqnums_zero	PASS	block-Commit	none			0		
test_commit_cl.TestConstructionAndReset::test_reset_trap_flags	PASS	block-Commit	none			0		
test_commit_cl.TestDedicatedFlagsCOMMIT_S1_S3::test_is_store_alone_does_not_trigger_serialize_after	PASS	block-Commit	none			0		
test_commit_cl.TestDedicatedFlagsCOMMIT_S1_S3::test_is_store_alone_does_not_trigger_strictly_ordered	PASS	block-Commit	none			0		
test_commit_cl.TestDedicatedFlagsCOMMIT_S1_S3::test_robhi_serialize_after_field_exists	PASS	block-Commit	none			0		
test_commit_cl.TestDedicatedFlagsCOMMIT_S1_S3::test_robhi_strictly_ordered_field_exists	PASS	block-Commit	none			0		
test_commit_cl.TestDedicatedFlagsCOMMIT_S1_S3::test_serialize_after_sets_pending_without_is_store	PASS	block-Commit	none			0		
test_commit_cl.TestDedicatedFlagsCOMMIT_S1_S3::test_strictly_ordered_sets_bc_without_is_store	PASS	block-Commit	none			0		
test_commit_cl.TestEmptyROB::test_empty_rob_four_way_conjunction	PASS	block-Commit	none			0		
test_commit_cl.TestFIPDrain::test_fip_commit_frees_have_priority	PASS	block-Commit	none			0		
test_commit_cl.TestFIPDrain::test_fip_drains_to_freelist	PASS	block-Commit	none			0		
test_commit_cl.TestFIPDrain::test_fip_writes_from_rename	PASS	block-Commit	none			0		
test_commit_cl.TestFaultTrap::test_fault_guard_met_triggers_trap	PASS	block-Commit	none			0		
test_commit_cl.TestFaultTrap::test_fault_guard_not_met_stalls	PASS	block-Commit	none			0		
test_commit_cl.TestFaultTrap::test_trap_countdown_multi_cycle	PASS	block-Commit	none			0		
test_commit_cl.TestFaultTrap::test_trap_fsm_to_rob_squashing	PASS	block-Commit	none			0		
test_commit_cl.TestFaultTrap::test_trap_sets_no_squash_from_tc	PASS	block-Commit	none			0		
test_commit_cl.TestFaultTrap::test_trap_sets_trap_pending	PASS	block-Commit	none			0		
test_commit_cl.TestIEWSquash::test_iew_mispredict_sets_bc_mispredict_inst	PASS	block-Commit	none			0		
test_commit_cl.TestIEWSquash::test_iew_squash_drives_rob_squash_req	PASS	block-Commit	none			0		
test_commit_cl.TestIEWSquash::test_iew_squash_sets_bc_squash_inst	PASS	block-Commit	none			0		
test_commit_cl.TestIEWSquash::test_iew_squash_too_young_ignored	PASS	block-Commit	none			0		
test_commit_cl.TestIEWSquash::test_iew_squash_validates_age	PASS	block-Commit	none			0		
test_commit_cl.TestNonSpeculative::test_non_spec_broadcasts_seqnum	PASS	block-Commit	none			0		
test_commit_cl.TestNonSpeculative::test_non_spec_clears_can_commit	PASS	block-Commit	none			0		
test_commit_cl.TestNonSpeculative::test_non_spec_stalls_when_stores_pending	PASS	block-Commit	none			0		
test_commit_cl.TestNonSpeculative::test_strictly_ordered_load_sets_bc_flag	PASS	block-Commit	none			0		
test_commit_cl.TestNormalCommit::test_commit_advances_pc	PASS	block-Commit	none			0		
test_commit_cl.TestNormalCommit::test_commit_broadcasts_done_seqnum	PASS	block-Commit	none			0		
test_commit_cl.TestNormalCommit::test_commit_frees_prev_phys_reg_to_freelist	PASS	block-Commit	none			0		
test_commit_cl.TestNormalCommit::test_commit_multiple_up_to_width	PASS	block-Commit	none			0		
test_commit_cl.TestNormalCommit::test_commit_no_dest_no_freelist_update	PASS	block-Commit	none			0		
test_commit_cl.TestNormalCommit::test_commit_retires_rob_head	PASS	block-Commit	none			0		
test_commit_cl.TestNormalCommit::test_commit_single_instruction	PASS	block-Commit	none			0		
test_commit_cl.TestNormalCommit::test_commit_store_sets_committed_stores	PASS	block-Commit	none			0		
test_commit_cl.TestNormalCommit::test_commit_updates_renamemap	PASS	block-Commit	none			0		
test_commit_cl.TestSMTArbitration::test_oldest_ready_selection	PASS	block-Commit	none			0		
test_commit_cl.TestSMTArbitration::test_round_robin_selection	PASS	block-Commit	none			0		
test_commit_cl.TestSquashAfter::test_squash_after_phase1_commits	PASS	block-Commit	none			0		
test_commit_cl.TestSquashAfter::test_squash_after_phase1_sets_pending	PASS	block-Commit	none			0		
test_commit_cl.TestSquashAfter::test_squash_after_phase2_initiates_squash	PASS	block-Commit	none			0		
test_commit_cl.TestSquashAfter::test_squash_after_phase2_squashes	PASS	block-Commit	none			0		
test_commit_cl.TestSquashedHeadRetirement::test_squashed_head_no_arch_effect	PASS	block-Commit	none			0		
test_commit_cl.TestSquashedHeadRetirement::test_squashed_head_silently_retired	PASS	block-Commit	none			0		
test_dtlb_probe_cl.TestADR0019Ports::test_dcache_va_probe_pa_caller_ifc_exists	PASS	block-DTLBProbe	none			0		
test_dtlb_probe_cl.TestADR0019Ports::test_dcache_va_probe_req_caller_ifc_exists	PASS	block-DTLBProbe	none			0		
test_dtlb_probe_cl.TestADR0019Ports::test_dcache_va_probe_resp_callee_ifc_exists	PASS	block-DTLBProbe	none			0		
test_dtlb_probe_cl.TestADR0019Ports::test_dtlb_ports_param_exists	PASS	block-DTLBProbe	none			0		
test_dtlb_probe_cl.TestADR0019Ports::test_no_pa_req_ports_on_dtlb_probe	PASS	block-DTLBProbe	none			0		
test_dtlb_probe_cl.TestDTLBResp::test_dtlb_fault_sends_result	PASS	block-DTLBProbe	none			0		
test_dtlb_probe_cl.TestDTLBResp::test_dtlb_hit_sets_paddr	PASS	block-DTLBProbe	none			0		
test_dtlb_probe_cl.TestDTLBResp::test_dtlb_miss_keeps_waiting	PASS	block-DTLBProbe	none			0		
test_dtlb_probe_cl.TestInterfaces::test_callee_ports_exist	PASS	block-DTLBProbe	none			0		
test_dtlb_probe_cl.TestInterfaces::test_caller_ports_exist	PASS	block-DTLBProbe	none			0		
test_dtlb_probe_cl.TestL1Probe::test_l1_hit_sends_result	PASS	block-DTLBProbe	none			0		
test_dtlb_probe_cl.TestL1Probe::test_l1_miss_sends_result_no_data	PASS	block-DTLBProbe	none			0		
test_dtlb_probe_cl.TestMultiThread::test_both_threads_independent	PASS	block-DTLBProbe	none			0		
test_dtlb_probe_cl.TestMultiThread::test_construct_accepts_max_threads_param	PASS	block-DTLBProbe	none			0		
test_dtlb_probe_cl.TestMultiThread::test_default_max_threads_is_one_backward_compat	PASS	block-DTLBProbe	none			0		
test_dtlb_probe_cl.TestMultiThread::test_tag_space_accommodates_total_entries	PASS	block-DTLBProbe	none			0		
test_dtlb_probe_cl.TestMultiThread::test_tag_space_asymmetric_sizes_uses_max	PASS	block-DTLBProbe	none			0		
test_dtlb_probe_cl.TestMultiThread::test_translate_req_tid0_uses_tag_in_lq_partition	PASS	block-DTLBProbe	none			0		
test_dtlb_probe_cl.TestMultiThread::test_translate_req_tid1_uses_tag_in_lq_partition	PASS	block-DTLBProbe	none			0		
test_dtlb_probe_cl.TestReset::test_after_reset_all_inactive	PASS	block-DTLBProbe	none			0		
test_dtlb_probe_cl.TestReset::test_after_reset_no_pending	PASS	block-DTLBProbe	none			0		
test_dtlb_probe_cl.TestTranslateReq::test_translate_req_processed_after_tick	PASS	block-DTLBProbe	none			0		
test_dtlb_probe_cl.TestTranslateReq::test_translate_req_sets_pending	PASS	block-DTLBProbe	none			0		
test_dtlb_probe_cl.TestVIPTCancellation::test_dtlb_miss_recovery_does_not_send_va_probe_pa	PASS	block-DTLBProbe	none			0		
test_dtlb_probe_cl.TestVIPTCancellation::test_dtlb_miss_recovery_sends_translate_result_l1_hit_false	PASS	block-DTLBProbe	none			0		
test_dtlb_probe_cl.TestVIPTCancellation::test_l1_cancelled_on_dtlb_fault	PASS	block-DTLBProbe	none			0		
test_dtlb_probe_cl.TestVIPTCancellation::test_l1_cancelled_on_dtlb_miss	PASS	block-DTLBProbe	none			0		
test_dtlb_probe_cl.TestVIPTCancellation::test_l1_response_ignored_after_cancellation	PASS	block-DTLBProbe	none			0		
test_dtlb_probe_cl.TestVIPTCancellation::test_translate_req_resets_l1_cancelled	PASS	block-DTLBProbe	none			0		
test_decode_cl.TestBPUCorrectionSignals::test_bpu_correction_includes_tid_and_bb_idx	PASS	block-Decode	none			0		
test_decode_cl.TestBPUCorrectionSignals::test_branch_mispredict_sets_both_squash_and_mispredict	PASS	block-Decode	none			0		
test_decode_cl.TestBPUCorrectionSignals::test_commit_squash_suppresses_bpu_correction	PASS	block-Decode	none			0		
test_decode_cl.TestBPUCorrectionSignals::test_control_miss_sets_bpu_squash_not_mispredict	PASS	block-Decode	none			0		
test_decode_cl.TestBackpressure::test_backpressure_resume_flow	PASS	block-Decode	none			0		
test_decode_cl.TestBackpressure::test_preload_buffer_absorbs_when_thread_not_selected	PASS	block-Decode	none			0		
test_decode_cl.TestBackpressure::test_preload_buffer_full_fetch_sees_not_full_false	PASS	block-Decode	none			0		
test_decode_cl.TestBackpressure::test_rename_stall_prevents_thread_selection	PASS	block-Decode	none			0		
test_decode_cl.TestBackpressure::test_rename_unblock_allows_thread_selection	PASS	block-Decode	none			0		
test_decode_cl.TestConstructionAndReset::test_custom_params_construction	PASS	block-Decode	none			0		
test_decode_cl.TestConstructionAndReset::test_default_construction	PASS	block-Decode	none			0		
test_decode_cl.TestConstructionAndReset::test_initial_dr_buffer_empty	PASS	block-Decode	none			0		
test_decode_cl.TestConstructionAndReset::test_initial_fsm_state_all_idle	PASS	block-Decode	none			0		
test_decode_cl.TestConstructionAndReset::test_initial_fsm_state_multi_thread	PASS	block-Decode	none			0		
test_decode_cl.TestConstructionAndReset::test_initial_no_rename_stall	PASS	block-Decode	none			0		
test_decode_cl.TestConstructionAndReset::test_initial_preload_buffer_empty	PASS	block-Decode	none			0		
test_decode_cl.TestConstructionAndReset::test_initial_rr_ptr_zero	PASS	block-Decode	none			0		
test_decode_cl.TestConstructionAndReset::test_reset_clears_all_state	PASS	block-Decode	none			0		
test_decode_cl.TestConstructionAndReset::test_wrote_to_time_buffer_initially_false	PASS	block-Decode	none			0		
test_decode_cl.TestDRBufferInterface::test_dr_pop_interface	PASS	block-Decode	none			0		
test_decode_cl.TestDRBufferInterface::test_dr_tid_count_exposed	PASS	block-Decode	none			0		
test_decode_cl.TestDRBufferInterface::test_dr_tid_not_empty_exposed	PASS	block-Decode	none			0		
test_decode_cl.TestDRBufferInterface::test_dr_tid_not_full_exposed	PASS	block-Decode	none			0		
test_decode_cl.TestDRBufferInterface::test_rename_width_limits_pop	PASS	block-Decode	none			0		
test_decode_cl.TestDecodeErrorHandling::test_decode1_typeerror_from_regid_construction_propagates	PASS	block-Decode	none			0		
test_decode_cl.TestDecodeErrorHandling::test_decode2_keyerror_from_decode_inst_does_not_propagate	PASS	block-Decode	none			0		
test_decode_cl.TestDecodeErrorHandling::test_decode2_typeerror_from_decode_inst_propagates	PASS	block-Decode	none			0		
test_decode_cl.TestDecodeRenameBuffer::test_dr_buffer_count_increments	PASS	block-Decode	none			0		
test_decode_cl.TestDecodeRenameBuffer::test_dr_buffer_flush_on_squash	PASS	block-Decode	none			0		
test_decode_cl.TestDecodeRenameBuffer::test_dr_buffer_multi_thread_isolation	PASS	block-Decode	none			0		
test_decode_cl.TestDecodeRenameBuffer::test_dr_buffer_not_empty	PASS	block-Decode	none			0		
test_decode_cl.TestDecodeRenameBuffer::test_dr_buffer_not_full	PASS	block-Decode	none			0		
test_decode_cl.TestDecodeRenameBuffer::test_dr_buffer_shared_pool_capacity	PASS	block-Decode	none			0		
test_decode_cl.TestDecodeRenameBuffer::test_push_instruction_to_dr_buffer	PASS	block-Decode	none			0		
test_decode_cl.TestEarlyMispredict::test_conditional_branch_correct_prediction	PASS	block-Decode	none			0		
test_decode_cl.TestEarlyMispredict::test_conditional_branch_mispredict	PASS	block-Decode	none			0		
test_decode_cl.TestEarlyMispredict::test_control_miss_corrected_pc_is_fallthrough	PASS	block-Decode	none			0		
test_decode_cl.TestEarlyMispredict::test_control_miss_predicted_taken_not_control	PASS	block-Decode	none			0		
test_decode_cl.TestEarlyMispredict::test_correct_prediction_no_squash	PASS	block-Decode	none			0		
test_decode_cl.TestEarlyMispredict::test_direct_branch_mispredict_jal_target_mismatch	PASS	block-Decode	none			0		
test_decode_cl.TestEarlyMispredict::test_mispredict_drives_decode_bpu_correction	PASS	block-Decode	none			0		
test_decode_cl.TestEarlyMispredict::test_mispredict_drives_decode_squash_to_fetch	PASS	block-Decode	none			0		
test_decode_cl.TestEarlyMispredict::test_mispredict_flushes_dr_buffer	PASS	block-Decode	none			0		
test_decode_cl.TestEarlyMispredict::test_mispredict_flushes_preload_buffer	PASS	block-Decode	none			0		
test_decode_cl.TestEarlyMispredict::test_mispredict_sets_squashing_state	PASS	block-Decode	none			0		
test_decode_cl.TestEarlyMispredict::test_mispredict_squashing_to_running_next_cycle	PASS	block-Decode	none			0		
test_decode_cl.TestEarlyMispredict::test_single_mispredict_per_cycle_per_thread	PASS	block-Decode	none			0		
test_decode_cl.TestFullPipeline::test_activity_flag_not_set_when_idle	PASS	block-Decode	none			0		
test_decode_cl.TestFullPipeline::test_activity_flag_set_on_decode	PASS	block-Decode	none			0		
test_decode_cl.TestFullPipeline::test_backpressure_resume_flow	PASS	block-Decode	none			0		
test_decode_cl.TestFullPipeline::test_branch_not_taken_correctly_predicted	PASS	block-Decode	none			0		
test_decode_cl.TestFullPipeline::test_early_mispredict_recovery_timeline	PASS	block-Decode	none			0		
test_decode_cl.TestFullPipeline::test_fetch_decode_rename_flow	PASS	block-Decode	none			0		
test_decode_cl.TestFullPipeline::test_full_flow_with_mispredict_and_recovery	PASS	block-Decode	none			0		
test_decode_cl.TestFullPipeline::test_is_active_when_running	PASS	block-Decode	none			0		
test_decode_cl.TestFullPipeline::test_is_active_when_squashing	PASS	block-Decode	none			0		
test_decode_cl.TestFullPipeline::test_jal_always_taken_mispredict	PASS	block-Decode	none			0		
test_decode_cl.TestFullPipeline::test_multi_cycle_decode_flow	PASS	block-Decode	none			0		
test_decode_cl.TestFullPipeline::test_multiple_instructions_decode_in_one_cycle	PASS	block-Decode	none			0		
test_decode_cl.TestFullPipeline::test_preload_buffer_bypass_same_cycle	PASS	block-Decode	none			0		
test_decode_cl.TestFullPipeline::test_smt_2_threads_interleaving	PASS	block-Decode	none			0		
test_decode_cl.TestFullPipeline::test_squash_resume_flow	PASS	block-Decode	none			0		
test_decode_cl.TestInstructionDecode::test_can_issue_set_when_num_src_regs_zero	PASS	block-Decode	none			0		
test_decode_cl.TestInstructionDecode::test_decode_addi_instruction	PASS	block-Decode	none			0		
test_decode_cl.TestInstructionDecode::test_decode_branch_instruction	PASS	block-Decode	none			0		
test_decode_cl.TestInstructionDecode::test_decode_dest_reg_idx_populated	PASS	block-Decode	none			0		
test_decode_cl.TestInstructionDecode::test_decode_jal_instruction	PASS	block-Decode	none			0		
test_decode_cl.TestInstructionDecode::test_decode_nop	PASS	block-Decode	none			0		
test_decode_cl.TestInstructionDecode::test_decode_width_limit_respected	PASS	block-Decode	none			0		
test_decode_cl.TestInstructionDecode::test_forward_f_fields_unchanged	PASS	block-Decode	none			0		
test_decode_cl.TestNewFields::test_can_issue_false_for_nonzero_src_regs	PASS	block-Decode	none			0		
test_decode_cl.TestNewFields::test_can_issue_true_for_zero_src_regs	PASS	block-Decode	none			0		
test_decode_cl.TestNewFields::test_op_class_populated	PASS	block-Decode	none			0		
test_decode_cl.TestNewFields::test_static_opcode_carries_machinst	PASS	block-Decode	none			0		
test_decode_cl.TestPreloadBuffer::test_preload_buffer_accumulates_when_not_selected	PASS	block-Decode	none			0		
test_decode_cl.TestPreloadBuffer::test_preload_buffer_count	PASS	block-Decode	none			0		
test_decode_cl.TestPreloadBuffer::test_preload_buffer_flush_on_squash	PASS	block-Decode	none			0		
test_decode_cl.TestPreloadBuffer::test_preload_buffer_multi_thread_isolation	PASS	block-Decode	none			0		
test_decode_cl.TestPreloadBuffer::test_preload_buffer_not_empty	PASS	block-Decode	none			0		
test_decode_cl.TestPreloadBuffer::test_preload_buffer_not_full	PASS	block-Decode	none			0		
test_decode_cl.TestPreloadBuffer::test_preload_buffer_pop	PASS	block-Decode	none			0		
test_decode_cl.TestPreloadBuffer::test_preload_buffer_shared_pool_capacity	PASS	block-Decode	none			0		
test_decode_cl.TestPreloadBuffer::test_push_instruction_to_preload_buffer	PASS	block-Decode	none			0		
test_decode_cl.TestPreloadBufferExposed::test_preload_count_exposed	PASS	block-Decode	none			0		
test_decode_cl.TestPreloadBufferExposed::test_preload_not_empty_exposed	PASS	block-Decode	none			0		
test_decode_cl.TestPreloadBufferExposed::test_preload_not_full_exposed	PASS	block-Decode	none			0		
test_decode_cl.TestPullModel::test_fd_has_data_used_for_eligibility	PASS	block-Decode	none			0		
test_decode_cl.TestPullModel::test_tid_sel_set_on_thread_selection	PASS	block-Decode	none			0		
test_decode_cl.TestPullModel::test_tid_sel_valid_false_when_no_data	PASS	block-Decode	none			0		
test_decode_cl.TestPullModel::test_tid_sel_with_multi_thread	PASS	block-Decode	none			0		
test_decode_cl.TestSquashFromCommit::test_commit_squash_flushes_buffers	PASS	block-Decode	none			0		
test_decode_cl.TestSquashFromCommit::test_commit_squash_multi_thread	PASS	block-Decode	none			0		
test_decode_cl.TestSquashFromCommit::test_commit_squash_priority_over_decode_mispredict	PASS	block-Decode	none			0		
test_decode_cl.TestSquashFromCommit::test_commit_squash_sets_squashing_state	PASS	block-Decode	none			0		
test_decode_cl.TestSquashFromCommit::test_squash_while_processing_instructions	PASS	block-Decode	none			0		
test_decode_cl.TestSquashFromCommit::test_squashing_to_running_next_cycle	PASS	block-Decode	none			0		
test_decode_cl.TestSquashedInstruction::test_all_squashed_no_output	PASS	block-Decode	none			0		
test_decode_cl.TestSquashedInstruction::test_squashed_instruction_skipped	PASS	block-Decode	none			0		
test_decode_cl.TestThreadSelection::test_no_eligible_thread_no_selection	PASS	block-Decode	none			0		
test_decode_cl.TestThreadSelection::test_round_robin_across_2_threads	PASS	block-Decode	none			0		
test_decode_cl.TestThreadSelection::test_rr_pointer_advances_correctly	PASS	block-Decode	none			0		
test_decode_cl.TestThreadSelection::test_single_thread_always_selected	PASS	block-Decode	none			0		
test_decode_cl.TestThreadSelection::test_skip_thread_in_squashing_state	PASS	block-Decode	none			0		
test_decode_cl.TestThreadSelection::test_skip_thread_with_dr_buffer_full	PASS	block-Decode	none			0		
test_decode_cl.TestThreadSelection::test_skip_thread_with_rename_stall	PASS	block-Decode	none			0		
test_decode_v2_members.TestCorrectionPayloadHasNoKcnt::test_case1_correction_payload_has_no_k_cnt	PASS	block-Decode	none			0		
test_decode_v2_members.TestCorrectionPayloadHasNoKcnt::test_decode_bpu_correction_req_has_no_k_cnt_field	PASS	block-Decode	none			0		
test_decode_v2_members.TestLeadingMemberTakenDetectedByCase2::test_case2_fires_for_an_interior_member	PASS	block-Decode	none			0		
test_decode_v2_members.TestLeadingMemberTakenDetectedByCase2::test_leading_member_with_matching_fallthrough_is_not_case_2	PASS	block-Decode	none			0		
test_decode_v2_members.TestLeadingMemberTakenDetectedByCase2::test_nt_predicted_conditional_member_is_not_a_case2_candidate	PASS	block-Decode	none			0		
test_decode_v2_members.TestMemberBtbMissStaysDead::test_btb_missed_conditional_member_produces_no_btb_miss_correction	PASS	block-Decode	none			0		
test_decode_v2_members.TestMemberBtbMissStaysDead::test_member_carries_its_slot_and_bitmap_identity_to_decode	PASS	block-Decode	none			0		
test_decode_v2_members.TestPredictedNotTakenLeadingMember::test_predicted_nt_leading_member_is_not_a_control_miss	PASS	block-Decode	none			0		
test_decode_v2_members.TestPredictedNotTakenLeadingMember::test_predicted_nt_leading_member_with_live_bb_idx_is_not_a_control_miss	PASS	block-Decode	none			0		
test_decode_v2_members.TestPredictedNotTakenLeadingMember::test_predicted_nt_member_still_reaches_rename	PASS	block-Decode	none			0		
src.cpu.pyo3.pymtl3.o3-block-tests.Dispatch.test_dispatch_cl.TestBackpressure::test_backpressure_then_ready_dispatches	PASS	block-Dispatch	none			0		
src.cpu.pyo3.pymtl3.o3-block-tests.Dispatch.test_dispatch_cl.TestBackpressure::test_iq_not_ready_skips_dispatch	PASS	block-Dispatch	none			0		
src.cpu.pyo3.pymtl3.o3-block-tests.Dispatch.test_dispatch_cl.TestBackpressure::test_iq_ready_dispatches_normally	PASS	block-Dispatch	none			0		
src.cpu.pyo3.pymtl3.o3-block-tests.Dispatch.test_dispatch_cl.TestBackpressure::test_lsq_load_not_ready_skips_dispatch	PASS	block-Dispatch	none			0		
src.cpu.pyo3.pymtl3.o3-block-tests.Dispatch.test_dispatch_cl.TestBackpressure::test_lsq_load_uses_caller_ifc_port	PASS	block-Dispatch	none			0		
src.cpu.pyo3.pymtl3.o3-block-tests.Dispatch.test_dispatch_cl.TestBackpressure::test_lsq_store_not_ready_skips_dispatch	PASS	block-Dispatch	none			0		
src.cpu.pyo3.pymtl3.o3-block-tests.Dispatch.test_dispatch_cl.TestBackpressure::test_lsq_store_uses_caller_ifc_port	PASS	block-Dispatch	none			0		
src.cpu.pyo3.pymtl3.o3-block-tests.Dispatch.test_dispatch_cl.TestDispatchInstField::test_iq_req_inst_has_op_class	PASS	block-Dispatch	none			0		
src.cpu.pyo3.pymtl3.o3-block-tests.Dispatch.test_dispatch_cl.TestDispatchInstField::test_iq_req_inst_has_phys_src_reg	PASS	block-Dispatch	none			0		
src.cpu.pyo3.pymtl3.o3-block-tests.Dispatch.test_dispatch_cl.TestDispatchInstField::test_iq_req_inst_has_seqnum	PASS	block-Dispatch	none			0		
src.cpu.pyo3.pymtl3.o3-block-tests.Dispatch.test_dispatch_cl.TestDispatchInstField::test_iq_req_inst_has_tid	PASS	block-Dispatch	none			0		
src.cpu.pyo3.pymtl3.o3-block-tests.Dispatch.test_dispatch_cl.TestDispatchInstField::test_iq_req_inst_is_not_none	PASS	block-Dispatch	none			0		
src.cpu.pyo3.pymtl3.o3-block-tests.Dispatch.test_dispatch_cl.TestDispatchToIQ::test_dispatch_round_robin_across_threads	PASS	block-Dispatch	none			0		
src.cpu.pyo3.pymtl3.o3-block-tests.Dispatch.test_dispatch_cl.TestDispatchToIQ::test_dispatch_sends_iq_dispatch_req	PASS	block-Dispatch	none			0		
src.cpu.pyo3.pymtl3.o3-block-tests.Dispatch.test_dispatch_cl.TestDispatchToLSQ::test_load_dispatched_to_lsq	PASS	block-Dispatch	none			0		
src.cpu.pyo3.pymtl3.o3-block-tests.Dispatch.test_dispatch_cl.TestDispatchToLSQ::test_lsq_indices_passed_to_iq_req	PASS	block-Dispatch	none			0		
src.cpu.pyo3.pymtl3.o3-block-tests.Dispatch.test_dispatch_cl.TestDispatchToLSQ::test_store_dispatched_to_lsq	PASS	block-Dispatch	none			0		
src.cpu.pyo3.pymtl3.o3-block-tests.Dispatch.test_dispatch_cl.TestFSMSquashTransitions::test_fsm_running_after_squash_allows_dispatch	PASS	block-Dispatch	none			0		
src.cpu.pyo3.pymtl3.o3-block-tests.Dispatch.test_dispatch_cl.TestFSMSquashTransitions::test_non_squashed_thread_dispatches_normally	PASS	block-Dispatch	none			0		
src.cpu.pyo3.pymtl3.o3-block-tests.Dispatch.test_dispatch_cl.TestFSMSquashTransitions::test_squash_keeps_fsm_running	PASS	block-Dispatch	none			0		
src.cpu.pyo3.pymtl3.o3-block-tests.Dispatch.test_dispatch_cl.TestFSMSquashTransitions::test_squash_prevents_dispatch_in_same_cycle	PASS	block-Dispatch	none			0		
src.cpu.pyo3.pymtl3.o3-block-tests.Dispatch.test_dispatch_cl.TestRenameReceive::test_rename_buffers_into_fifo	PASS	block-Dispatch	none			0		
src.cpu.pyo3.pymtl3.o3-block-tests.Dispatch.test_dispatch_cl.TestRenameReceive::test_rename_rdy_when_fifo_not_full	PASS	block-Dispatch	none			0		
src.cpu.pyo3.pymtl3.o3-block-tests.Dispatch.test_dispatch_cl.TestReset::test_after_reset_fifos_empty	PASS	block-Dispatch	none			0		
src.cpu.pyo3.pymtl3.o3-block-tests.Dispatch.test_dispatch_cl.TestReset::test_after_reset_fsm_running	PASS	block-Dispatch	none			0		
src.cpu.pyo3.pymtl3.o3-block-tests.Dispatch.test_dispatch_cl.TestSquash::test_squash_discards_younger_entries	PASS	block-Dispatch	none			0		
src.cpu.pyo3.pymtl3.o3-block-tests.Dispatch.test_dispatch_cl_adr0033.TestBatchedIQDispatch::test_iq_dispatch_returns_local_indices	PASS	block-Dispatch	none			0		
src.cpu.pyo3.pymtl3.o3-block-tests.Dispatch.test_dispatch_cl_adr0033.TestBatchedIQDispatch::test_multiple_instructions_single_batched_call	PASS	block-Dispatch	none			0		
src.cpu.pyo3.pymtl3.o3-block-tests.Dispatch.test_dispatch_cl_adr0033.TestBatchedIQDispatch::test_single_instruction_batched_call	PASS	block-Dispatch	none			0		
src.cpu.pyo3.pymtl3.o3-block-tests.Dispatch.test_dispatch_cl_adr0033.TestIQSetDependency::test_no_set_dependency_for_ready_source	PASS	block-Dispatch	none			0		
src.cpu.pyo3.pymtl3.o3-block-tests.Dispatch.test_dispatch_cl_adr0033.TestIQSetDependency::test_set_dependency_for_multiple_distinct_producers	PASS	block-Dispatch	none			0		
src.cpu.pyo3.pymtl3.o3-block-tests.Dispatch.test_dispatch_cl_adr0033.TestIQSetDependency::test_set_dependency_for_single_not_ready_source	PASS	block-Dispatch	none			0		
src.cpu.pyo3.pymtl3.o3-block-tests.Dispatch.test_dispatch_cl_adr0033.TestInstCarriesIQMetadata::test_inst_cluster_id_set	PASS	block-Dispatch	none			0		
src.cpu.pyo3.pymtl3.o3-block-tests.Dispatch.test_dispatch_cl_adr0033.TestInstCarriesIQMetadata::test_inst_iq_local_id_set	PASS	block-Dispatch	none			0		
src.cpu.pyo3.pymtl3.o3-block-tests.Dispatch.test_dispatch_cl_adr0033.TestInterfaceExistence::test_iq_set_dependency_port_exists	PASS	block-Dispatch	none			0		
src.cpu.pyo3.pymtl3.o3-block-tests.Dispatch.test_dispatch_cl_adr0033.TestInterfaceExistence::test_sb_get_producer_port_exists	PASS	block-Dispatch	none			0		
src.cpu.pyo3.pymtl3.o3-block-tests.Dispatch.test_dispatch_cl_adr0033.TestInterfaceExistence::test_sb_set_producer_port_exists	PASS	block-Dispatch	none			0		
src.cpu.pyo3.pymtl3.o3-block-tests.Dispatch.test_dispatch_cl_adr0033.TestIntraBatchShadow::test_same_cycle_producer_resolved_via_shadow	PASS	block-Dispatch	none			0		
src.cpu.pyo3.pymtl3.o3-block-tests.Dispatch.test_dispatch_cl_adr0033.TestIntraBatchShadow::test_shadow_populated_by_each_dest_reg	PASS	block-Dispatch	none			0		
src.cpu.pyo3.pymtl3.o3-block-tests.Dispatch.test_dispatch_cl_adr0033.TestPendingSrcCount::test_pending_src_count_deduped	PASS	block-Dispatch	none			0		
src.cpu.pyo3.pymtl3.o3-block-tests.Dispatch.test_dispatch_cl_adr0033.TestPendingSrcCount::test_pending_src_count_multiple_distinct_producers	PASS	block-Dispatch	none			0		
src.cpu.pyo3.pymtl3.o3-block-tests.Dispatch.test_dispatch_cl_adr0033.TestPendingSrcCount::test_pending_src_count_one_for_single_producer	PASS	block-Dispatch	none			0		
src.cpu.pyo3.pymtl3.o3-block-tests.Dispatch.test_dispatch_cl_adr0033.TestPendingSrcCount::test_pending_src_count_zero_for_ready_sources	PASS	block-Dispatch	none			0		
src.cpu.pyo3.pymtl3.o3-block-tests.Dispatch.test_dispatch_cl_adr0033.TestProducerDedup::test_dedup_same_producer_two_slots	PASS	block-Dispatch	none			0		
src.cpu.pyo3.pymtl3.o3-block-tests.Dispatch.test_dispatch_cl_adr0033.TestSetProducerOnDestRegs::test_set_producer_called_for_multiple_dests	PASS	block-Dispatch	none			0		
src.cpu.pyo3.pymtl3.o3-block-tests.Dispatch.test_dispatch_cl_adr0033.TestSetProducerOnDestRegs::test_set_producer_called_for_single_dest	PASS	block-Dispatch	none			0		
src.cpu.pyo3.pymtl3.o3-block-tests.Dispatch.test_dispatch_cl_adr0033.TestSetProducerOnDestRegs::test_set_producer_uses_cluster_base_for_global_id	PASS	block-Dispatch	none			0		
test_bb_idx_none_roundtrip::test_bac_backward_ctrl_bus_round_trips_none_commit_bb_idx	PASS	block-FTQ	none			0		
test_bb_idx_none_roundtrip::test_bpu_update_req_round_trips_none_bb_idx	PASS	block-FTQ	none			0		
test_bb_idx_none_roundtrip::test_bpu_update_req_still_round_trips_a_real_index	PASS	block-FTQ	none			0		
test_bb_idx_none_roundtrip::test_decode_rename_inst_round_trips_none_bb_idx	PASS	block-FTQ	none			0		
test_bb_idx_none_roundtrip::test_fetch_decode_inst_round_trips_none_bb_idx	PASS	block-FTQ	none			0		
test_bb_idx_none_roundtrip::test_ftq_ctrl_insert_req_round_trips_none_bb_idx	PASS	block-FTQ	none			0		
test_bb_idx_none_roundtrip::test_per_thread_fetch_tick_req_round_trips_none_bb_idx	PASS	block-FTQ	none			0		
test_bb_idx_none_roundtrip::test_rename_inst_round_trips_none_bb_idx	PASS	block-FTQ	none			0		
test_bb_idx_none_roundtrip::test_rob_head_inst_round_trips_none_bb_idx	PASS	block-FTQ	none			0		
test_bb_idx_none_roundtrip::test_u8_raises_on_none	PASS	block-FTQ	none			0		
test_ftq_cl.TestConcurrentOperations::test_concurrent_insert_pop	PASS	block-FTQ	none			0		
test_ftq_cl.TestConcurrentOperations::test_concurrent_insert_squash	PASS	block-FTQ	none			0		
test_ftq_cl.TestConstructionAndReset::test_construct_custom	PASS	block-FTQ	none			0		
test_ftq_cl.TestConstructionAndReset::test_construct_default	PASS	block-FTQ	none			0		
test_ftq_cl.TestConstructionAndReset::test_initial_state	PASS	block-FTQ	none			0		
test_ftq_cl.TestConstructionAndReset::test_reset_clears_all	PASS	block-FTQ	none			0		
test_ftq_cl.TestConstructionAndReset::test_reset_initial_signals	PASS	block-FTQ	none			0		
test_ftq_cl.TestConstructionAndReset::test_status_enum_values	PASS	block-FTQ	none			0		
test_ftq_cl.TestControlSignalArbitration::test_squash_from_any_state	PASS	block-FTQ	none			0		
test_ftq_cl.TestEdgeCases::test_bb_idx_stored_in_sram	PASS	block-FTQ	none			0		
test_ftq_cl.TestEdgeCases::test_bpu_history_valid_lifecycle	PASS	block-FTQ	none			0		
test_ftq_cl.TestEdgeCases::test_insert_after_squash	PASS	block-FTQ	none			0		
test_ftq_cl.TestEdgeCases::test_multiple_squashes	PASS	block-FTQ	none			0		
test_ftq_cl.TestEdgeCases::test_single_entry_queue	PASS	block-FTQ	none			0		
test_ftq_cl.TestEdgeCases::test_wrap_around	PASS	block-FTQ	none			0		
test_ftq_cl.TestFTQEntryComputedProperties::test_entry_end_address	PASS	block-FTQ	none			0		
test_ftq_cl.TestFTQEntryComputedProperties::test_entry_has_exceeded	PASS	block-FTQ	none			0		
test_ftq_cl.TestFTQEntryComputedProperties::test_entry_in_range	PASS	block-FTQ	none			0		
test_ftq_cl.TestFTQEntryComputedProperties::test_entry_is_exit_branch	PASS	block-FTQ	none			0		
test_ftq_cl.TestFTQEntryComputedProperties::test_entry_is_exit_inst	PASS	block-FTQ	none			0		
test_ftq_cl.TestFTQEntryComputedProperties::test_entry_size	PASS	block-FTQ	none			0		
test_ftq_cl.TestFTQEntryComputedProperties::test_entry_start_address	PASS	block-FTQ	none			0		
test_ftq_cl.TestHeadRegisterAndBubble::test_head_reg_bb_idx_forwarded	PASS	block-FTQ	none			0		
test_ftq_cl.TestHeadRegisterAndBubble::test_head_reg_bubble_after_pop	PASS	block-FTQ	none			0		
test_ftq_cl.TestHeadRegisterAndBubble::test_head_reg_deasserted_on_squash	PASS	block-FTQ	none			0		
test_ftq_cl.TestHeadRegisterAndBubble::test_head_reg_forward_on_insert_empty	PASS	block-FTQ	none			0		
test_ftq_cl.TestHeadRegisterAndBubble::test_head_reg_initially_invalid	PASS	block-FTQ	none			0		
test_ftq_cl.TestHeadRegisterAndBubble::test_head_reg_set_on_insert	PASS	block-FTQ	none			0		
test_ftq_cl.TestHeadRegisterAndBubble::test_head_reg_valid_next_cycle	PASS	block-FTQ	none			0		
test_ftq_cl.TestInsertOperations::test_insert_bb_idx_forwarding	PASS	block-FTQ	none			0		
test_ftq_cl.TestInsertOperations::test_insert_bpu_history_valid_default	PASS	block-FTQ	none			0		
test_ftq_cl.TestInsertOperations::test_insert_empty_makes_head_valid	PASS	block-FTQ	none			0		
test_ftq_cl.TestInsertOperations::test_insert_fields	PASS	block-FTQ	none			0		
test_ftq_cl.TestInsertOperations::test_insert_full_fails	PASS	block-FTQ	none			0		
test_ftq_cl.TestInsertOperations::test_insert_full_status	PASS	block-FTQ	none			0		
test_ftq_cl.TestInsertOperations::test_insert_invalid_fails	PASS	block-FTQ	none			0		
test_ftq_cl.TestInsertOperations::test_insert_multiple	PASS	block-FTQ	none			0		
test_ftq_cl.TestInsertOperations::test_insert_single	PASS	block-FTQ	none			0		
test_ftq_cl.TestPopHeadOperations::test_pop_head_advances_head	PASS	block-FTQ	none			0		
test_ftq_cl.TestPopHeadOperations::test_pop_head_bubble	PASS	block-FTQ	none			0		
test_ftq_cl.TestPopHeadOperations::test_pop_head_case1_clears_sram_read_pending	PASS	block-FTQ	none			0		
test_ftq_cl.TestPopHeadOperations::test_pop_head_case1_deasserts_head_valid	PASS	block-FTQ	none			0		
test_ftq_cl.TestPopHeadOperations::test_pop_head_empties_queue	PASS	block-FTQ	none			0		
test_ftq_cl.TestPopHeadOperations::test_pop_head_empty_queue	PASS	block-FTQ	none			0		
test_ftq_cl.TestPopHeadOperations::test_pop_head_failure_case1	PASS	block-FTQ	none			0		
test_ftq_cl.TestPopHeadOperations::test_pop_head_fifo_order	PASS	block-FTQ	none			0		
test_ftq_cl.TestPopHeadOperations::test_pop_head_success	PASS	block-FTQ	none			0		
test_ftq_cl.TestReadHeadOperations::test_head_ready_signal	PASS	block-FTQ	none			0		
test_ftq_cl.TestReadHeadOperations::test_read_head_correct_thread	PASS	block-FTQ	none			0		
test_ftq_cl.TestReadHeadOperations::test_read_head_empty	PASS	block-FTQ	none			0		
test_ftq_cl.TestReadHeadOperations::test_read_head_invalid	PASS	block-FTQ	none			0		
test_ftq_cl.TestReadHeadOperations::test_read_head_not_valid_after_pop	PASS	block-FTQ	none			0		
test_ftq_cl.TestReadHeadOperations::test_read_head_returns_entry	PASS	block-FTQ	none			0		
test_ftq_cl.TestRecoveryTiming::test_bac_initiated_squash_recovery	PASS	block-FTQ	none			0		
test_ftq_cl.TestRecoveryTiming::test_fetch_initiated_recovery	PASS	block-FTQ	none			0		
test_ftq_cl.TestRecoveryTiming::test_pop_head_failure_triggers_invalidate	PASS	block-FTQ	none			0		
test_ftq_cl.TestResetStateOperations::test_reset_state_clears_entries	PASS	block-FTQ	none			0		
test_ftq_cl.TestResetStateOperations::test_reset_state_preserves_other_thread	PASS	block-FTQ	none			0		
test_ftq_cl.TestResetStateOperations::test_reset_state_sets_valid	PASS	block-FTQ	none			0		
test_ftq_cl.TestSMTMultiThread::test_dequeue_correct_thread	PASS	block-FTQ	none			0		
test_ftq_cl.TestSMTMultiThread::test_insert_rejected_when_invalid	PASS	block-FTQ	none			0		
test_ftq_cl.TestSMTMultiThread::test_is_empty_per_thread	PASS	block-FTQ	none			0		
test_ftq_cl.TestSMTMultiThread::test_is_full_per_thread	PASS	block-FTQ	none			0		
test_ftq_cl.TestSMTMultiThread::test_per_thread_head_reg	PASS	block-FTQ	none			0		
test_ftq_cl.TestSMTMultiThread::test_per_thread_status	PASS	block-FTQ	none			0		
test_ftq_cl.TestSMTMultiThread::test_reset_state_preserves_other_thread	PASS	block-FTQ	none			0		
test_ftq_cl.TestSMTMultiThread::test_squash_preserves_other_thread	PASS	block-FTQ	none			0		
test_ftq_cl.TestSquashOperations::test_squash_clears_entries	PASS	block-FTQ	none			0		
test_ftq_cl.TestSquashOperations::test_squash_deasserts_head_valid	PASS	block-FTQ	none			0		
test_ftq_cl.TestSquashOperations::test_squash_from_invalid	PASS	block-FTQ	none			0		
test_ftq_cl.TestSquashOperations::test_squash_preserves_other_thread	PASS	block-FTQ	none			0		
test_ftq_cl.TestSquashOperations::test_squash_preserves_other_thread_head_reg	PASS	block-FTQ	none			0		
test_ftq_cl.TestSquashOperations::test_squash_resets_pointers	PASS	block-FTQ	none			0		
test_ftq_cl.TestSquashOperations::test_squash_sets_valid	PASS	block-FTQ	none			0		
test_ftq_cl.TestSquashOperations::test_squash_single_cycle	PASS	block-FTQ	none			0		
test_ftq_cl.TestStatusQueries::test_is_empty	PASS	block-FTQ	none			0		
test_ftq_cl.TestStatusQueries::test_is_empty_per_thread	PASS	block-FTQ	none			0		
test_ftq_cl.TestStatusQueries::test_is_full	PASS	block-FTQ	none			0		
test_ftq_cl.TestStatusQueries::test_is_head_ready	PASS	block-FTQ	none			0		
test_ftq_cl.TestStatusQueries::test_is_ready	PASS	block-FTQ	none			0		
test_ftq_cl.TestStatusQueries::test_num_free_entries	PASS	block-FTQ	none			0		
test_ftq_cl.TestStatusQueries::test_size	PASS	block-FTQ	none			0		
test_ftq_cl_spec_alignment.TestBbIdxRename::test_ftq_entry_has_bb_idx	PASS	block-FTQ	none			0		
test_ftq_cl_spec_alignment.TestBbIdxRename::test_ftq_entry_no_bpred_hist	PASS	block-FTQ	none			0		
test_ftq_cl_spec_alignment.TestBbIdxRename::test_ftq_insert_req_has_ftq_bb_idx	PASS	block-FTQ	none			0		
test_ftq_cl_spec_alignment.TestBbIdxRename::test_ftq_insert_req_no_ftq_bpred_hist	PASS	block-FTQ	none			0		
test_ftq_cl_spec_alignment.TestBbIdxRename::test_insert_bb_idx_forwarded_to_head	PASS	block-FTQ	none			0		
test_ftq_cl_spec_alignment.TestBbIdxRename::test_iter_entry_resp_has_bb_idx	PASS	block-FTQ	none			0		
test_ftq_cl_spec_alignment.TestBbIdxRename::test_iter_entry_resp_no_bpred_hist	PASS	block-FTQ	none			0		
test_ftq_cl_spec_alignment.TestClearHeadHistory::test_clear_head_history_clears_bpu_history_valid	PASS	block-FTQ	none			0		
test_ftq_cl_spec_alignment.TestClearHeadHistory::test_clear_head_history_is_callable	PASS	block-FTQ	none			0		
test_ftq_cl_spec_alignment.TestClearHeadHistory::test_clear_head_history_preserves_bb_idx	PASS	block-FTQ	none			0		
test_ftq_cl_spec_alignment.TestControlSignalPriority::test_squash_overrides_insert	PASS	block-FTQ	none			0		
test_ftq_cl_spec_alignment.TestForAllBackwardRemoved::test_for_all_backward_does_not_exist	PASS	block-FTQ	none			0		
test_ftq_cl_spec_alignment.TestGetOldestBpuAnchor::test_get_oldest_bpu_anchor_is_callable	PASS	block-FTQ	none			0		
test_ftq_cl_spec_alignment.TestGetOldestBpuAnchor::test_get_oldest_bpu_anchor_returns_head_bb_idx	PASS	block-FTQ	none			0		
test_ftq_cl_spec_alignment.TestGetOldestBpuAnchor::test_get_oldest_bpu_anchor_returns_invalid_when_none	PASS	block-FTQ	none			0		
test_ftq_cl_spec_alignment.TestIsFullPerThread::test_is_full_accepts_tid	PASS	block-FTQ	none			0		
test_ftq_cl_spec_alignment.TestIsFullPerThread::test_is_full_based_on_per_thread_count	PASS	block-FTQ	none			0		
test_ftq_cl_spec_alignment.TestPerThreadStorageManager::test_sm_attribute_exists	PASS	block-FTQ	none			0		
test_ftq_cl_spec_alignment.TestPerThreadStorageManager::test_sm_count_after_one_insert	PASS	block-FTQ	none			0		
test_ftq_cl_spec_alignment.TestPerThreadStorageManager::test_sm_has_per_thread_count	PASS	block-FTQ	none			0		
test_ftq_cl_spec_alignment.TestPerThreadStorageManager::test_sm_has_per_thread_head	PASS	block-FTQ	none			0		
test_ftq_cl_spec_alignment.TestPerThreadStorageManager::test_sm_has_per_thread_tail	PASS	block-FTQ	none			0		
test_ftq_cl_spec_alignment.TestPerThreadStorageManager::test_sm_head_initially_invalid	PASS	block-FTQ	none			0		
test_ftq_cl_spec_alignment.TestPerThreadStorageManager::test_sm_head_valid_after_insert	PASS	block-FTQ	none			0		
test_ftq_cl_spec_alignment.TestRemovedMethods::test_get_count_does_not_exist	PASS	block-FTQ	none			0		
test_ftq_cl_spec_alignment.TestRemovedMethods::test_get_status_does_not_exist	PASS	block-FTQ	none			0		
test_ftq_cl_spec_alignment.TestRemovedMethods::test_unlock_does_not_exist	PASS	block-FTQ	none			0		
test_ftq_cl_spec_alignment.TestResetStateNoReReadHead::test_reset_state_head_valid_unconditionally_false	PASS	block-FTQ	none			0		
test_ftq_cl_spec_alignment.TestResetStateNoReReadHead::test_reset_state_no_head_reg_after_reset	PASS	block-FTQ	none			0		
test_ftq_cl_spec_v2.TestClearHeadHistoryTriggerChange::test_clear_head_history_mentions_fetch	PASS	block-FTQ	none			0		
test_ftq_cl_spec_v2.TestControlSignalPriorityChange::test_priority_is_reset_state_squash_pop_insert	PASS	block-FTQ	none			0		
test_ftq_cl_spec_v2.TestFSMEncodingChange::test_invalid_is_0	PASS	block-FTQ	none			0		
test_ftq_cl_spec_v2.TestFSMEncodingChange::test_locked_attribute_does_not_exist	PASS	block-FTQ	none			0		
test_ftq_cl_spec_v2.TestFSMEncodingChange::test_valid_is_1	PASS	block-FTQ	none			0		
test_ftq_cl_spec_v2.TestFtSeqnumWidthRemoved::test_construct_does_not_accept_ft_seqnum_width	PASS	block-FTQ	none			0		
test_ftq_cl_spec_v2.TestFtSeqnumWidthRemoved::test_ft_seqnum_width_attribute_does_not_exist	PASS	block-FTQ	none			0		
test_ftq_cl_spec_v2.TestFtSeqnumWidthRemoved::test_head_seqnum_does_not_exist	PASS	block-FTQ	none			0		
test_ftq_cl_spec_v2.TestFtqLockedSignalRemoved::test_is_locked_does_not_exist	PASS	block-FTQ	none			0		
test_ftq_cl_spec_v2.TestIsLockedMethodRemoved::test_is_locked_method_does_not_exist	PASS	block-FTQ	none			0		
test_ftq_cl_spec_v2.TestLockMethodRemoved::test_lock_method_does_not_exist	PASS	block-FTQ	none			0		
test_ftq_cl_spec_v2.TestLockMethodRemoved::test_pending_lock_does_not_exist	PASS	block-FTQ	none			0		
test_ftq_cl_spec_v2.TestLockedStateRemoved::test_ftq_status_never_value_2	PASS	block-FTQ	none			0		
test_ftq_cl_spec_v2.TestLockedStateRemoved::test_initial_status_is_valid	PASS	block-FTQ	none			0		
test_ftq_cl_spec_v2.TestLockedStateRemoved::test_locked_attribute_does_not_exist	PASS	block-FTQ	none			0		
test_ftq_cl_spec_v2.TestMaxThreadsDefaultChange::test_default_max_threads_is_1	PASS	block-FTQ	none			0		
test_ftq_cl_spec_v2.TestPopHeadCase2Removed::test_pop_head_never_returns_fail_reason_1	PASS	block-FTQ	none			0		
test_ftq_cl_spec_v2.TestPopHeadCase2Removed::test_pop_head_only_one_failure_case	PASS	block-FTQ	none			0		
test_ftq_cl_spec_v2.TestPopHeadCase2Removed::test_pop_head_valid_and_bpu_history_valid_returns_fail_reason_0	PASS	block-FTQ	none			0		
test_ftq_cl_spec_v3_window.TestAllNotTakenEdgeFt::test_fetchs_stop_and_jump_predicate_is_false_for_the_all_nt_ft	PASS	block-FTQ	none			0		
test_ftq_cl_spec_v3_window.TestAllNotTakenEdgeFt::test_is_branch_with_a_zero_pred_target_is_storable_and_readable	PASS	block-FTQ	none			0		
test_ftq_cl_spec_v3_window.TestBbIdxCoveringPc::test_end_pc_is_exclusive	PASS	block-FTQ	none			0		
test_ftq_cl_spec_v3_window.TestBbIdxCoveringPc::test_returns_none_when_empty	PASS	block-FTQ	none			0		
test_ftq_cl_spec_v3_window.TestBbIdxCoveringPc::test_returns_none_when_no_entry_covers_the_pc	PASS	block-FTQ	none			0		
test_ftq_cl_spec_v3_window.TestBbIdxCoveringPc::test_returns_none_when_the_covering_entry_has_no_bb_idx	PASS	block-FTQ	none			0		
test_ftq_cl_spec_v3_window.TestBbIdxCoveringPc::test_returns_the_covering_entrys_bb_idx	PASS	block-FTQ	none			0		
test_ftq_cl_spec_v3_window.TestBrTypeEncodingIsTheLandedBranchType::test_a_return_record_consumes_no_target_slot_but_a_direct_cond_does	PASS	block-FTQ	none			0		
test_ftq_cl_spec_v3_window.TestBrTypeEncodingIsTheLandedBranchType::test_btb_v2_type_constants_equal_the_landed_enum	PASS	block-FTQ	none			0		
test_ftq_cl_spec_v3_window.TestClearHeadHistoryPopPairing::test_a_clear_without_a_same_cycle_pop_is_a_protocol_violation	PASS	block-FTQ	none			0		
test_ftq_cl_spec_v3_window.TestClearHeadHistoryPopPairing::test_a_cleared_and_popped_ft_is_not_readable	PASS	block-FTQ	none			0		
test_ftq_cl_spec_v3_window.TestClearHeadHistoryPopPairing::test_clear_and_pop_may_pair_with_an_insert_in_the_same_cycle	PASS	block-FTQ	none			0		
test_ftq_cl_spec_v3_window.TestDuplicateBbIdxIsLegal::test_no_bb_idx_keyed_lookup_dict_exists	PASS	block-FTQ	none			0		
test_ftq_cl_spec_v3_window.TestDuplicateBbIdxIsLegal::test_two_fts_sharing_a_bb_idx_both_queue_and_read_back	PASS	block-FTQ	none			0		
test_ftq_cl_spec_v3_window.TestDuplicateBbIdxIsLegal::test_window_fields_survive_the_sram_read_bubble_after_a_pop	PASS	block-FTQ	none			0		
test_ftq_cl_spec_v3_window.TestGetOldestBpuAnchorMechanism::test_returns_invalid_when_empty	PASS	block-FTQ	none			0		
test_ftq_cl_spec_v3_window.TestGetOldestBpuAnchorMechanism::test_returns_the_head_entrys_bb_idx	PASS	block-FTQ	none			0		
test_ftq_cl_spec_v3_window.TestGetOldestBpuAnchorMechanism::test_two_fts_of_one_bb_yield_the_same_anchor	PASS	block-FTQ	none			0		
test_ftq_cl_spec_v3_window.TestMaxDensityWindow::test_all_sixteen_slots_valid_round_trips	PASS	block-FTQ	none			0		
test_ftq_cl_spec_v3_window.TestMaxDensityWindow::test_all_sixteen_slots_valid_with_all_two_byte_members	PASS	block-FTQ	none			0		
test_ftq_cl_spec_v3_window.TestNoBbIdxInheritance::test_a_bac_to_ftq_insert_also_does_not_inherit	PASS	block-FTQ	none			0		
test_ftq_cl_spec_v3_window.TestNoBbIdxInheritance::test_a_branchless_ft_keeps_its_own_bb_idx	PASS	block-FTQ	none			0		
test_ftq_cl_spec_v3_window.TestNoBbIdxInheritance::test_a_branchless_ft_that_omits_bb_idx_reads_back_zero	PASS	block-FTQ	none			0		
test_ftq_cl_spec_v3_window.TestNoBbIdxInheritance::test_the_propagation_state_does_not_exist	PASS	block-FTQ	none			0		
test_ftq_cl_spec_v3_window.TestSlotsValidIsAbsolutelyIndexed::test_an_ft_starting_mid_window_keeps_its_members_at_window_offsets	PASS	block-FTQ	none			0		
test_ftq_cl_spec_v3_window.TestSlotsValidIsAbsolutelyIndexed::test_slot_size_is_indexed_by_the_same_absolute_slot	PASS	block-FTQ	none			0		
test_ftq_cl_spec_v3_window.TestWindowFieldsRoundTrip::test_window_base_slots_valid_and_slot_size_round_trip	PASS	block-FTQ	none			0		
test_ftq_cl_spec_v3_window.TestWindowFieldsRoundTrip::test_window_fields_default_to_zero_when_a_stale_caller_omits_them	PASS	block-FTQ	none			0		
test_fu_pool_cl.TestClusterConfig::test_5_clusters_present	PASS	block-FUPool	none			0		
test_fu_pool_cl.TestClusterConfig::test_float_cluster_has_fpadd_fpmult_fpdiv	PASS	block-FUPool	none			0		
test_fu_pool_cl.TestClusterConfig::test_int_cluster_has_intalu_intmult_intdiv	PASS	block-FUPool	none			0		
test_fu_pool_cl.TestClusterConfig::test_max_op_latency_is_20	PASS	block-FUPool	none			0		
test_fu_pool_cl.TestClusterConfig::test_mem_cluster_has_address_calc_fu	PASS	block-FUPool	none			0		
test_fu_pool_cl.TestCompletionTiming::test_1_cycle_op_completes_next_cycle	PASS	block-FUPool	none			0		
test_fu_pool_cl.TestCompletionTiming::test_fu_drained_false_when_pipeline_occupied	PASS	block-FUPool	none			0		
test_fu_pool_cl.TestFreeFU::test_freefu_is_noop_in_pipelined_model	PASS	block-FUPool	none			0		
test_fu_pool_cl.TestFuCompleteBundle::test_fu_complete_bundle_default_fields	PASS	block-FUPool	none			0		
test_fu_pool_cl.TestFuCompleteBundle::test_fu_complete_bundle_has_branch_mispredict	PASS	block-FUPool	none			0		
test_fu_pool_cl.TestFuCompleteBundle::test_fu_complete_bundle_no_trap_fields	PASS	block-FUPool	none			0		
test_fu_pool_cl.TestFuOperand::test_fu_operand_squashed_bypass_skips_compute	PASS	block-FUPool	none			0		
test_fu_pool_cl.TestFuOperand::test_fu_operand_stores_result_in_pending_compute	PASS	block-FUPool	none			0		
test_fu_pool_cl.TestGetUnit::test_getunit_float_cluster	PASS	block-FUPool	none			0		
test_fu_pool_cl.TestGetUnit::test_getunit_mem_cluster	PASS	block-FUPool	none			0		
test_fu_pool_cl.TestGetUnit::test_getunit_returns_fu_idx_for_supported_opclass	PASS	block-FUPool	none			0		
test_fu_pool_cl.TestGetUnit::test_getunit_returns_no_capable_for_unsupported_opclass	PASS	block-FUPool	none			0		
test_fu_pool_cl.TestGetUnit::test_getunit_returns_op_latency	PASS	block-FUPool	none			0		
test_fu_pool_cl.TestPerClusterState::test_per_cluster_in_flight_arrays_exist	PASS	block-FUPool	none			0		
test_fu_pool_cl.TestPerClusterState::test_per_cluster_pipeline_arrays_exist	PASS	block-FUPool	none			0		
test_fu_pool_cl.TestPerClusterState::test_pipeline_stages_sized_to_max_op_latency	PASS	block-FUPool	none			0		
test_fu_pool_cl.TestPyisaIntegration::test_end_to_end_add_compute_and_extract	PASS	block-FUPool	none			0		
test_fu_pool_cl.TestPyisaIntegration::test_end_to_end_add_through_fupool	PASS	block-FUPool	none			0		
test_fu_pool_cl.TestPyisaIntegration::test_end_to_end_fadds_through_fupool	PASS	block-FUPool	none			0		
test_fu_pool_cl.TestPyisaIntegration::test_real_add_instruction_category	PASS	block-FUPool	none			0		
test_fu_pool_cl.TestPyisaIntegration::test_real_add_instruction_compute	PASS	block-FUPool	none			0		
test_fu_pool_cl.TestReset::test_after_reset_all_pipelines_empty	PASS	block-FUPool	none			0		
test_fu_pool_cl.TestReset::test_after_reset_fu_drained_true	PASS	block-FUPool	none			0		
test_fu_pool_cl.TestReset::test_after_reset_rr_ptrs_zero	PASS	block-FUPool	none			0		
test_fu_pool_cl_adr0033.TestFuRealCompletePort::test_fu_real_complete_is_callable	PASS	block-FUPool	none			0		
test_fu_pool_cl_adr0033.TestFuRealCompletePort::test_fu_real_complete_port_exists	PASS	block-FUPool	none			0		
test_fu_pool_cl_adr0033.TestLDACompletionNoFuRealComplete::test_lda_does_not_fire_fu_real_complete_from_fupool	PASS	block-FUPool	none			0		
test_fu_pool_cl_adr0033.TestNormalCompletionFiresFuRealComplete::test_float_completion_fires_fu_real_complete	PASS	block-FUPool	none			0		
test_fu_pool_cl_adr0033.TestNormalCompletionFiresFuRealComplete::test_int_completion_fires_fu_real_complete	PASS	block-FUPool	none			0		
test_fu_pool_cl_adr0033.TestSTA_STDDecallocAtIssue::test_sta_does_not_fire_fu_real_complete_at_issue	PASS	block-FUPool	none			0		
test_fu_pool_cl_adr0033.TestSTA_STDDecallocAtIssue::test_std_does_not_fire_fu_real_complete_at_issue	PASS	block-FUPool	none			0		
test_fu_pool_cl_adr0033.TestSquashedFastPathQ12::test_squashed_does_not_wait_for_op_latency	PASS	block-FUPool	none			0		
test_fu_pool_cl_adr0033.TestSquashedFastPathQ12::test_squashed_int_fires_fu_real_complete_same_cycle	PASS	block-FUPool	none			0		
test_fu_pool_cl_adr0033_primary.TestNormalCompletionFiresSbSetReg::test_int_completion_fires_sb_setReg_for_single_dest	PASS	block-FUPool	none			0		
test_fu_pool_cl_adr0033_primary.TestNormalCompletionFiresSbSetReg::test_multi_dest_completion_fires_sb_setReg_per_dest	PASS	block-FUPool	none			0		
test_fu_pool_cl_adr0033_primary.TestSbSetRegInterface::test_sb_setReg_is_callable	PASS	block-FUPool	none			0		
test_fu_pool_cl_adr0033_primary.TestSbSetRegInterface::test_sb_setReg_port_exists	PASS	block-FUPool	none			0		
test_fu_pool_cl_adr0033_primary.TestSquashedCompletionSuppressesSbSetReg::test_squashed_non_lda_completion_skips_sb_setReg	PASS	block-FUPool	none			0		
test_fu_pool_cl_adr0033_speculation.TestFuEarlyCompleteInterface::test_fu_early_complete_is_callable	PASS	block-FUPool	none			0		
test_fu_pool_cl_adr0033_speculation.TestFuEarlyCompleteInterface::test_fu_early_complete_port_exists	PASS	block-FUPool	none			0		
test_fu_pool_cl_adr0033_speculation.TestFuEarlyCompleteMemUopRouting::test_no_early_complete_for_lda	PASS	block-FUPool	none			0		
test_fu_pool_cl_adr0033_speculation.TestFuEarlyCompleteTiming::test_early_complete_fires_before_real_complete	PASS	block-FUPool	none			0		
test_fu_pool_cl_adr0033_speculation.TestFuEarlyCompleteTiming::test_early_complete_not_fired_for_squashed	PASS	block-FUPool	none			0		
test_fu_pool_cl_adr0033_squash_force_ack.TestSquashForceEarlyCompleteADR0033::test_fu_pool_exposes_ic_squash_port	PASS	block-FUPool	none			0		
test_fu_pool_cl_adr0033_squash_force_ack.TestSquashForceEarlyCompleteADR0033::test_ic_squash_is_callable	PASS	block-FUPool	none			0		
test_fu_pool_cl_adr0033_squash_force_ack.TestSquashForceEarlyCompleteADR0033::test_squash_mid_flight_fires_force_early_complete	PASS	block-FUPool	none			0		
test_fetch_cl.TestAssertionANoBBLeftUnmarked::test_rv64ui_p_add_leaves_no_bb_unmarked	PASS	block-Fetch	none			7		
test_fetch_cl.TestBACResteer::test_f120_bac_resteer_req_dispatched	PASS	block-Fetch	none			0		
test_fetch_cl.TestBACResteer::test_f121_bac_resteer_req_fields	PASS	block-Fetch	none			0		
test_fetch_cl.TestBackwardCtrlBusRestructure::test_f320_bc_has_commit_info	PASS	block-Fetch	none			0		
test_fetch_cl.TestBackwardCtrlBusRestructure::test_f321_bc_no_dec_to_fetch	PASS	block-Fetch	none			0		
test_fetch_cl.TestBackwardCtrlBusRestructure::test_f322_bc_has_stalls_drain	PASS	block-Fetch	none			0		
test_fetch_cl.TestBackwardCtrlBusRestructure::test_f323_bc_no_old_flat_arrays	PASS	block-Fetch	none			0		
test_fetch_cl.TestBackwardCtrlBusRestructure::test_f324_bc_commit_info_per_thread	PASS	block-Fetch	none			0		
test_fetch_cl.TestBackwardCtrlBusRestructure::test_f325_bc_no_dec_to_fetch_per_thread	PASS	block-Fetch	none			0		
test_fetch_cl.TestBackwardCtrlBusRestructure::test_f326_bc_stalls_drain_defaults	PASS	block-Fetch	none			0		
test_fetch_cl.TestBackwardCtrlBusRestructure::test_f327_bc_commit_info_squash_triggers_squash	PASS	block-Fetch	none			0		
test_fetch_cl.TestBackwardCtrlBusRestructure::test_f328_decode_squash_to_fetch_triggers_squash	PASS	block-Fetch	none			0		
test_fetch_cl.TestBackwardCtrlBusRestructure::test_f329_bc_stalls_drain_blocks_drain	PASS	block-Fetch	none			0		
test_fetch_cl.TestBackwardCtrlBusRestructure::test_f330_bc_commit_info_interrupt	PASS	block-Fetch	none			0		
test_fetch_cl.TestBackwardCtrlBusRestructure::test_f331_bc_commit_info_clear_interrupt	PASS	block-Fetch	none			0		
test_fetch_cl.TestBackwardCtrlBusRestructure::test_f332_bc_to_dict_roundtrip	PASS	block-Fetch	none			0		
test_fetch_cl.TestBuildPerThreadTickReq::test_f90_builds_request	PASS	block-Fetch	none			0		
test_fetch_cl.TestBuildPerThreadTickReq::test_f91_includes_stall_flags	PASS	block-Fetch	none			0		
test_fetch_cl.TestBuildPerThreadTickReq::test_f92_includes_interrupt_from_bc	PASS	block-Fetch	none			0		
test_fetch_cl.TestCommitInfo::test_f300_commit_info_defaults	PASS	block-Fetch	none			0		
test_fetch_cl.TestCommitInfo::test_f301_commit_info_squash_and_pc	PASS	block-Fetch	none			0		
test_fetch_cl.TestCommitInfo::test_f302_commit_info_interrupt_flags	PASS	block-Fetch	none			0		
test_fetch_cl.TestCommitInfo::test_f303_commit_info_to_dict	PASS	block-Fetch	none			0		
test_fetch_cl.TestCommitInfo::test_f304_commit_info_from_dict	PASS	block-Fetch	none			0		
test_fetch_cl.TestConstants::test_f70_invalid_thread_id	PASS	block-Fetch	none			0		
test_fetch_cl.TestCountFetchingThreads::test_f80_zero_when_all_waiting	PASS	block-Fetch	none			0		
test_fetch_cl.TestCountFetchingThreads::test_f81_one_when_running	PASS	block-Fetch	none			0		
test_fetch_cl.TestCountFetchingThreads::test_f82_counts_eligible_states	PASS	block-Fetch	none			0		
test_fetch_cl.TestDesignParameters::test_f340_max_ft_per_cycle_exists	PASS	block-Fetch	none			0		
test_fetch_cl.TestDesignParameters::test_f341_max_ft_per_cycle_default	PASS	block-Fetch	none			0		
test_fetch_cl.TestDesignParameters::test_f342_max_taken_pred_per_cycle_exists	PASS	block-Fetch	none			0		
test_fetch_cl.TestDesignParameters::test_f343_max_taken_pred_per_cycle_default	PASS	block-Fetch	none			0		
test_fetch_cl.TestDrainFetchQueues::test_f140_drain_assigns_seqnum	PASS	block-Fetch	none			0		
test_fetch_cl.TestDrainFetchQueues::test_f141_drain_respects_decode_width	PASS	block-Fetch	none			0		
test_fetch_cl.TestDrainFetchQueues::test_f142_drain_respects_decode_stall	PASS	block-Fetch	none			0		
test_fetch_cl.TestDrainFetchQueues::test_f143_drain_respects_drain_stall	PASS	block-Fetch	none			0		
test_fetch_cl.TestDrainFetchQueuesPullModel::test_f160_no_drain_without_tid_sel_valid	PASS	block-Fetch	none			0		
test_fetch_cl.TestDrainFetchQueuesPullModel::test_f161_drain_when_tid_sel_valid	PASS	block-Fetch	none			0		
test_fetch_cl.TestDrainFetchQueuesPullModel::test_f162_all_insts_same_thread	PASS	block-Fetch	none			0		
test_fetch_cl.TestDrainFetchQueuesPullModel::test_f163_drain_only_selected_thread	PASS	block-Fetch	none			0		
test_fetch_cl.TestDrainFetchQueuesPullModel::test_f164_drain_respects_decode_width	PASS	block-Fetch	none			0		
test_fetch_cl.TestDrainFetchQueuesPullModel::test_f165_drain_empty_selected_thread	PASS	block-Fetch	none			0		
test_fetch_cl.TestDrainFetchQueuesPullModel::test_f166_per_thread_status_always_provided	PASS	block-Fetch	none			0		
test_fetch_cl.TestDrainFetchQueuesPullModel::test_f167_drain_assigns_seqnum	PASS	block-Fetch	none			0		
test_fetch_cl.TestDrainFetchQueuesPullModel::test_f168_no_drain_priority_counter	PASS	block-Fetch	none			0		
test_fetch_cl.TestDrainFetchQueuesPullModel::test_f169_drain_respects_decode_stall_pull	PASS	block-Fetch	none			0		
test_fetch_cl.TestDrainFetchQueuesPullModel::test_f170_drain_respects_drain_stall_pull	PASS	block-Fetch	none			0		
test_fetch_cl.TestFTExitPreDecodeFacts::test_a_non_resident_control_transfer_at_the_ft_exit_is_a_branch	PASS	block-Fetch	none			0		
test_fetch_cl.TestFTExitPreDecodeFacts::test_a_plain_instruction_at_the_ft_exit_is_not_a_branch	PASS	block-Fetch	none			0		
test_fetch_cl.TestFTExitPreDecodeFacts::test_the_ft_prediction_is_exit_scoped	PASS	block-Fetch	none			0		
test_fetch_cl.TestFetchCLConstruction::test_f10_custom_decode_width	PASS	block-Fetch	none			0		
test_fetch_cl.TestFetchCLConstruction::test_f1_default_construction	PASS	block-Fetch	none			0		
test_fetch_cl.TestFetchCLConstruction::test_f2_initial_seq_num_counter	PASS	block-Fetch	none			0		
test_fetch_cl.TestFetchCLConstruction::test_f3_initial_global_status_inactive	PASS	block-Fetch	none			0		
test_fetch_cl.TestFetchCLConstruction::test_f4_initial_per_thread_components	PASS	block-Fetch	none			0		
test_fetch_cl.TestFetchCLConstruction::test_f5_initial_priority_list	PASS	block-Fetch	none			0		
test_fetch_cl.TestFetchCLConstruction::test_f6_initial_stalls_clear	PASS	block-Fetch	none			0		
test_fetch_cl.TestFetchCLConstruction::test_f7_initial_num_inst_zero	PASS	block-Fetch	none			0		
test_fetch_cl.TestFetchCLConstruction::test_f8_custom_max_threads	PASS	block-Fetch	none			0		
test_fetch_cl.TestFetchCLConstruction::test_f9_custom_fetch_width	PASS	block-Fetch	none			0		
test_fetch_cl.TestGetFetchingThread::test_f30_single_thread_running	PASS	block-Fetch	none			0		
test_fetch_cl.TestGetFetchingThread::test_f31_single_thread_idle	PASS	block-Fetch	none			0		
test_fetch_cl.TestGetFetchingThread::test_f32_no_eligible_thread	PASS	block-Fetch	none			0		
test_fetch_cl.TestGetFetchingThread::test_f33_round_robin_rotation	PASS	block-Fetch	none			0		
test_fetch_cl.TestGetFetchingThread::test_f34_eligible_states	PASS	block-Fetch	none			0		
test_fetch_cl.TestGetFetchingThread::test_f35_ineligible_states	PASS	block-Fetch	none			0		
test_fetch_cl.TestResetClear::test_f50_reset_stage	PASS	block-Fetch	none			0		
test_fetch_cl.TestResetClear::test_f51_reset_stage_per_thread	PASS	block-Fetch	none			0		
test_fetch_cl.TestResetClear::test_f52_clear_states	PASS	block-Fetch	none			0		
test_fetch_cl.TestResetClear::test_f53_clear_states_preserves_other_threads	PASS	block-Fetch	none			0		
test_fetch_cl.TestSequenceNumber::test_f11_first_seq_is_one	PASS	block-Fetch	none			0		
test_fetch_cl.TestSequenceNumber::test_f12_seq_monotonically_increasing	PASS	block-Fetch	none			0		
test_fetch_cl.TestSequenceNumber::test_f13_seq_counter_increments	PASS	block-Fetch	none			0		
test_fetch_cl.TestSequenceNumber::test_f14_seq_shared_across_threads	PASS	block-Fetch	none			0		
test_fetch_cl.TestSignalRenames::test_f200_fetch_to_decode_has_fd_tid_count	PASS	block-Fetch	none			0		
test_fetch_cl.TestSignalRenames::test_f201_fetch_to_decode_no_fq_count	PASS	block-Fetch	none			0		
test_fetch_cl.TestSignalRenames::test_f202_fetch_to_decode_no_fq_not_empty	PASS	block-Fetch	none			0		
test_fetch_cl.TestSignalRenames::test_f203_fetch_to_decode_no_fq_not_full	PASS	block-Fetch	none			0		
test_fetch_cl.TestSquashAtFetchCL::test_f100_commit_squash_calls_do_squash	PASS	block-Fetch	none			0		
test_fetch_cl.TestSquashAtFetchCL::test_f101_decode_squash_calls_do_squash	PASS	block-Fetch	none			0		
test_fetch_cl.TestSquashAtFetchCL::test_f102_trap_pending_sets_flag	PASS	block-Fetch	none			0		
test_fetch_cl.TestSquashAtFetchCL::test_f103_decode_block_removed	PASS	block-Fetch	none			0		
test_fetch_cl.TestSquashAtFetchCL::test_f104_decode_unblock_removed	PASS	block-Fetch	none			0		
test_fetch_cl.TestSquashAtFetchCL::test_f105_commit_squash_priority_over_decode	PASS	block-Fetch	none			0		
test_fetch_cl.TestSquashAtFetchCL::test_f106_squash_redirects_pc	PASS	block-Fetch	none			0		
test_fetch_cl.TestSquashAtFetchCL::test_f107_squash_clears_fetch_queue	PASS	block-Fetch	none			0		
test_fetch_cl.TestSquashAtFetchCL::test_f108_squash_sets_delayed_commit	PASS	block-Fetch	none			0		
test_fetch_cl.TestStallFlags::test_f20_stall_flags_initial	PASS	block-Fetch	none			0		
test_fetch_cl.TestStallFlags::test_f21_stall_flags_set_decode	PASS	block-Fetch	none			0		
test_fetch_cl.TestStallFlags::test_f22_stall_flags_set_drain	PASS	block-Fetch	none			0		
test_fetch_cl.TestStallsDrain::test_f25_stalls_drain_from_bc	PASS	block-Fetch	none			0		
test_fetch_cl.TestStallsDrain::test_f26_stalls_drain_cleared_when_deasserted	PASS	block-Fetch	none			0		
test_fetch_cl.TestStallsDrain::test_f27_is_drained_initially	PASS	block-Fetch	none			0		
test_fetch_cl.TestStallsDrain::test_f28_drain_stall_method_removed	PASS	block-Fetch	none			0		
test_fetch_cl.TestUpdateFetchStatus::test_f40_active_when_running	PASS	block-Fetch	none			0		
test_fetch_cl.TestUpdateFetchStatus::test_f41_active_when_icache_access_complete	PASS	block-Fetch	none			0		
test_fetch_cl.TestUpdateFetchStatus::test_f42_inactive_when_all_idle	PASS	block-Fetch	none			0		
test_fetch_cl.TestUpdateFetchStatus::test_f43_inactive_when_all_ftq_wait	PASS	block-Fetch	none			0		
test_fetch_cl.TestWakeFromQuiesce::test_f60_wake_sets_running	PASS	block-Fetch	none			0		
test_fetch_cl.TestWakeFromQuiesce::test_f61_wake_adds_to_priority_list	PASS	block-Fetch	none			0		
test_fetch_cl.TestWakeFromQuiesce::test_f62_wake_no_duplicate_in_priority	PASS	block-Fetch	none			0		
test_fetch_v2_window.TestAbsoluteSlotIndex::test_member_absent_from_slots_valid_is_not_a_member	PASS	block-Fetch	none			0		
test_fetch_v2_window.TestAbsoluteSlotIndex::test_member_at_absolute_slot_4_of_the_window	PASS	block-Fetch	none			0		
test_fetch_v2_window.TestAttachedFactsAndKcntAbsence::test_bb_idx_is_attached_to_every_instruction_including_members	PASS	block-Fetch	none			0		
test_fetch_v2_window.TestAttachedFactsAndKcntAbsence::test_no_k_cnt_field_exists_anywhere	PASS	block-Fetch	none			0		
test_fetch_v2_window.TestAttachedFactsAndKcntAbsence::test_no_k_cnt_on_the_fetch_tick_request_or_response	PASS	block-Fetch	none			0		
test_fetch_v2_window.TestControlMissReExpression::test_predicted_taken_ft_with_a_control_exit_is_not_a_control_miss	PASS	block-Fetch	none			0		
test_fetch_v2_window.TestControlMissReExpression::test_predicted_taken_ft_with_non_control_exit_is_a_control_miss	PASS	block-Fetch	none			0		
test_fetch_v2_window.TestControlMissReExpression::test_trigger_fires_without_the_ft_level_mark_one	PASS	block-Fetch	none			0		
test_fetch_v2_window.TestDownstreamTerminalInference::test_a_non_branch_instruction_carries_its_bb_idx_to_the_rob	PASS	block-Fetch	none			0		
test_fetch_v2_window.TestDownstreamTerminalInference::test_an_interior_member_carries_its_bb_idx_to_the_rob	PASS	block-Fetch	none			0		
test_fetch_v2_window.TestDownstreamTerminalInference::test_the_rob_carries_no_terminal_bit_at_all	PASS	block-Fetch	none			0		
test_fetch_v2_window.TestFTExitFactsForBranchlessAndMemberFTs::test_all_nt_member_ft_edge_is_fetched_and_not_taken	PASS	block-Fetch	none			0		
test_fetch_v2_window.TestFTExitFactsForBranchlessAndMemberFTs::test_branchless_ft_exit_is_not_a_branch	PASS	block-Fetch	none			0		
test_fetch_v2_window.TestIsExitGeTest::test_no_instruction_after_the_crossing_exit_is_fetched	PASS	block-Fetch	none			0		
test_fetch_v2_window.TestIsExitGeTest::test_rvc_instruction_crossing_the_window_edge_is_the_exit	PASS	block-Fetch	none			0		
test_fetch_v2_window.TestPredictionStaysExitScoped::test_interior_member_does_not_inherit_the_ft_prediction	PASS	block-Fetch	none			0		
test_fetch_v2_window.TestStopAndJumpV2::test_all_nt_edge_ft_does_not_jump_and_pops	PASS	block-Fetch	none			0		
test_fetch_v2_window.TestStopAndJumpV2::test_taken_terminal_still_jumps_to_the_predicted_target	PASS	block-Fetch	none			0		
test_per_thread_fetch_cl.TestBuildInstAndDrain::test_pt60_build_inst_creates_dyninst	PASS	block-Fetch	none			0		
test_per_thread_fetch_cl.TestBuildInstAndDrain::test_pt61_build_inst_sets_pc	PASS	block-Fetch	none			0		
test_per_thread_fetch_cl.TestBuildInstAndDrain::test_pt62_build_inst_sets_pred_pc	PASS	block-Fetch	none			0		
test_per_thread_fetch_cl.TestBuildInstAndDrain::test_pt63_build_inst_sets_tid	PASS	block-Fetch	none			0		
test_per_thread_fetch_cl.TestBuildInstAndDrain::test_pt64_build_inst_pushes_to_queue	PASS	block-Fetch	none			0		
test_per_thread_fetch_cl.TestBuildInstAndDrain::test_pt65_build_inst_with_fault	PASS	block-Fetch	none			0		
test_per_thread_fetch_cl.TestBuildInstAndDrain::test_pt66_drain_fetch_queue_empty	PASS	block-Fetch	none			0		
test_per_thread_fetch_cl.TestBuildInstAndDrain::test_pt67_drain_fetch_queue_partial	PASS	block-Fetch	none			0		
test_per_thread_fetch_cl.TestBuildInstAndDrain::test_pt68_drain_fetch_queue_full	PASS	block-Fetch	none			0		
test_per_thread_fetch_cl.TestBuildInstAndDrain::test_pt69_drain_preserves_order	PASS	block-Fetch	none			0		
test_per_thread_fetch_cl.TestCheckSignalsPriority::test_pt110_trap_pending_overrides_running	PASS	block-Fetch	none			0		
test_per_thread_fetch_cl.TestCheckSignalsPriority::test_pt112_squashing_to_running	PASS	block-Fetch	none			0		
test_per_thread_fetch_cl.TestClearHeadHistory::test_pt310_resp_has_clear_head_history	PASS	block-Fetch	none			0		
test_per_thread_fetch_cl.TestClearHeadHistory::test_pt311_clear_head_history_default_false	PASS	block-Fetch	none			0		
test_per_thread_fetch_cl.TestClearHeadHistory::test_pt312_clear_head_history_on_ftq_pop	PASS	block-Fetch	none			0		
test_per_thread_fetch_cl.TestConstruction::test_pt10_initial_not_resteering	PASS	block-Fetch	none			0		
test_per_thread_fetch_cl.TestConstruction::test_pt11_initial_no_cache_line	PASS	block-Fetch	none			0		
test_per_thread_fetch_cl.TestConstruction::test_pt12_initial_empty_fetch_queue	PASS	block-Fetch	none			0		
test_per_thread_fetch_cl.TestConstruction::test_pt13_initial_not_predicted_branch	PASS	block-Fetch	none			0		
test_per_thread_fetch_cl.TestConstruction::test_pt14_custom_tid	PASS	block-Fetch	none			0		
test_per_thread_fetch_cl.TestConstruction::test_pt15_custom_fetch_width	PASS	block-Fetch	none			0		
test_per_thread_fetch_cl.TestConstruction::test_pt16_custom_fetch_queue_size	PASS	block-Fetch	none			0		
test_per_thread_fetch_cl.TestConstruction::test_pt1_default_construction	PASS	block-Fetch	none			0		
test_per_thread_fetch_cl.TestConstruction::test_pt2_initial_status_idle	PASS	block-Fetch	none			0		
test_per_thread_fetch_cl.TestConstruction::test_pt3_initial_pc_zero	PASS	block-Fetch	none			0		
test_per_thread_fetch_cl.TestConstruction::test_pt4_initial_fetch_offset_zero	PASS	block-Fetch	none			0		
test_per_thread_fetch_cl.TestConstruction::test_pt5_initial_buffer_invalid	PASS	block-Fetch	none			0		
test_per_thread_fetch_cl.TestConstruction::test_pt8_initial_no_delayed_commit	PASS	block-Fetch	none			0		
test_per_thread_fetch_cl.TestConstruction::test_pt9_initial_no_fault_pending	PASS	block-Fetch	none			0		
test_per_thread_fetch_cl.TestDecodeErrorHandling::test_keyerror_from_decoder_does_not_propagate	PASS	block-Fetch	none			0		
test_per_thread_fetch_cl.TestDecodeErrorHandling::test_typeerror_from_decoder_propagates	PASS	block-Fetch	none			0		
test_per_thread_fetch_cl.TestDoSquash::test_pt50_squash_sets_pc	PASS	block-Fetch	none			0		
test_per_thread_fetch_cl.TestDoSquash::test_pt51_squash_resets_fetch_offset	PASS	block-Fetch	none			0		
test_per_thread_fetch_cl.TestDoSquash::test_pt54_squash_sets_squashing_status	PASS	block-Fetch	none			0		
test_per_thread_fetch_cl.TestDoSquash::test_pt55_squash_clears_fetch_queue	PASS	block-Fetch	none			0		
test_per_thread_fetch_cl.TestDoSquash::test_pt56_squash_sets_delayed_commit	PASS	block-Fetch	none			0		
test_per_thread_fetch_cl.TestDoSquash::test_pt57_squash_clears_resteering	PASS	block-Fetch	none			0		
test_per_thread_fetch_cl.TestDoSquash::test_pt58_squash_invalidates_buffer	PASS	block-Fetch	none			0		
test_per_thread_fetch_cl.TestFailReason1Bit::test_pt300_pop_head_fail_reason_1bit	PASS	block-Fetch	none			0		
test_per_thread_fetch_cl.TestFailReason1Bit::test_pt301_pop_head_no_locked_reason	PASS	block-Fetch	none			0		
test_per_thread_fetch_cl.TestFetchStatus::test_pt30_running_value	PASS	block-Fetch	none			0		
test_per_thread_fetch_cl.TestFetchStatus::test_pt31_idle_value	PASS	block-Fetch	none			0		
test_per_thread_fetch_cl.TestFetchStatus::test_pt32_squashing_value	PASS	block-Fetch	none			0		
test_per_thread_fetch_cl.TestFetchStatus::test_pt34_trap_pending_value	PASS	block-Fetch	none			0		
test_per_thread_fetch_cl.TestFetchStatus::test_pt35_quiesce_pending_value	PASS	block-Fetch	none			0		
test_per_thread_fetch_cl.TestFetchStatus::test_pt39_icache_access_complete_value	PASS	block-Fetch	none			0		
test_per_thread_fetch_cl.TestFetchStatus::test_pt40_ftq_wait_value	PASS	block-Fetch	none			0		
test_per_thread_fetch_cl.TestFetchStatus::test_pt41_no_good_addr_value	PASS	block-Fetch	none			0		
test_per_thread_fetch_cl.TestFetchStatus::test_pt42_no_fetching_state	PASS	block-Fetch	none			0		
test_per_thread_fetch_cl.TestInternalHelpers::test_pt140_align_to_buffer	PASS	block-Fetch	none			0		
test_per_thread_fetch_cl.TestInternalHelpers::test_pt141_buffer_hit_valid	PASS	block-Fetch	none			0		
test_per_thread_fetch_cl.TestInternalHelpers::test_pt142_buffer_hit_invalid	PASS	block-Fetch	none			0		
test_per_thread_fetch_cl.TestInternalHelpers::test_pt143_buffer_hit_miss	PASS	block-Fetch	none			0		
test_per_thread_fetch_cl.TestInternalHelpers::test_pt144_num_insts_derived	PASS	block-Fetch	none			0		
test_per_thread_fetch_cl.TestIsBranchFromFetch::test_pt320_is_branch_set_from_ftq_head	PASS	block-Fetch	none			0		
test_per_thread_fetch_cl.TestIsBranchFromFetch::test_pt321_is_branch_default_false_without_ftq	PASS	block-Fetch	none			0		
test_per_thread_fetch_cl.TestIsDrained::test_pt70_drained_initially	PASS	block-Fetch	none			0		
test_per_thread_fetch_cl.TestIsDrained::test_pt71_not_drained_with_queue	PASS	block-Fetch	none			0		
test_per_thread_fetch_cl.TestIsDrained::test_pt72_not_drained_with_fault_pending	PASS	block-Fetch	none			0		
test_per_thread_fetch_cl.TestLatchState::test_pt120_latch_status	PASS	block-Fetch	none			0		
test_per_thread_fetch_cl.TestLatchState::test_pt121_latch_pc	PASS	block-Fetch	none			0		
test_per_thread_fetch_cl.TestLatchState::test_pt122_latch_fetch_offset	PASS	block-Fetch	none			0		
test_per_thread_fetch_cl.TestLatchState::test_pt123_latch_buffer_valid	PASS	block-Fetch	none			0		
test_per_thread_fetch_cl.TestNoGoodAddrAndQuiesce::test_pt280_no_good_addr_no_fetch	PASS	block-Fetch	none			0		
test_per_thread_fetch_cl.TestNoGoodAddrAndQuiesce::test_pt281_quiesce_pending_no_fetch	PASS	block-Fetch	none			0		
test_per_thread_fetch_cl.TestNoGoodAddrAndQuiesce::test_pt282_no_good_addr_exits_on_squash	PASS	block-Fetch	none			0		
test_per_thread_fetch_cl.TestPredictedBranch::test_pt290_predicted_branch_stops_fetch	PASS	block-Fetch	none			0		
test_per_thread_fetch_cl.TestPredictedBranch::test_pt291_predicted_branch_cleared_after	PASS	block-Fetch	none			0		
test_per_thread_fetch_cl.TestResetClearStates::test_pt20_reset_stage	PASS	block-Fetch	none			0		
test_per_thread_fetch_cl.TestResetClearStates::test_pt21_clear_states	PASS	block-Fetch	none			0		
test_per_thread_fetch_cl.TestResetClearStates::test_pt22_clear_states_preserves_status	PASS	block-Fetch	none			0		
test_per_thread_fetch_cl.TestResetClearStates::test_pt23_clear_states_preserves_pc	PASS	block-Fetch	none			0		
test_per_thread_fetch_cl.TestResetClearStates::test_pt24_clear_states_preserves_fetch_queue	PASS	block-Fetch	none			0		
test_per_thread_fetch_cl.TestSetters::test_pt90_set_interrupt_pending	PASS	block-Fetch	none			0		
test_per_thread_fetch_cl.TestSetters::test_pt91_set_trap_pending	PASS	block-Fetch	none			0		
test_per_thread_fetch_cl.TestSquashHandling::test_pt201_squash_clears_fault_pending	PASS	block-Fetch	none			0		
test_per_thread_fetch_cl.TestSquashHandling::test_pt204_trap_pending_in_tick	PASS	block-Fetch	none			0		
test_per_thread_fetch_cl.TestSquashHandling::test_pt205_trap_pending_cleared_after_tick	PASS	block-Fetch	none			0		
test_per_thread_fetch_cl.TestSquashHandling::test_pt206_interrupt_pending_blocks_fetch	PASS	block-Fetch	none			0		
test_per_thread_fetch_cl.TestSquashHandling::test_pt207_interrupt_with_delayed_commit	PASS	block-Fetch	none			0		
test_per_thread_fetch_cl.TestSquashHandling::test_pt210_squashing_to_ftq_wait	PASS	block-Fetch	none			0		
test_per_thread_fetch_cl.TestSquashHandling::test_pt212_squashing_delayed_commit_cleared	PASS	block-Fetch	none			0		
test_per_thread_fetch_cl.TestTickBasic::test_pt100_tick_idle_no_op	PASS	block-Fetch	none			0		
test_per_thread_fetch_cl.TestTickBasic::test_pt102_tick_running_with_valid_buffer	PASS	block-Fetch	none			0		
test_per_thread_fetch_cl.TestTickBasic::test_pt103_tick_icache_access_complete	PASS	block-Fetch	none			0		
test_per_thread_fetch_cl.TestTickBasic::test_pt104_tick_squashing_no_fetch	PASS	block-Fetch	none			0		
test_per_thread_fetch_cl.TestTickBasic::test_pt106_tick_drain_stall_blocks	PASS	block-Fetch	none			0		
test_per_thread_fetch_cl.TestWakeFromQuiesce::test_pt80_wake_sets_running	PASS	block-Fetch	none			0		
test_per_thread_fetch_cl.TestWakeFromQuiesce::test_pt81_wake_updates_pending_status	PASS	block-Fetch	none			0		
test_frontend_v2_compose.TestComposedPathStall::test_case2_fires_and_leaves_fetch_on_a_stale_head	PASS	block-FrontEnd	none			0		
test_frontend_v2_compose.TestComposedPathStall::test_frontend_recovers_from_a_dropped_head	PASS	block-FrontEnd	none			0		
test_frontend_v2_compose.TestComposedPathStall::test_mismatched_target_is_a_real_mispredict	PASS	block-FrontEnd	none			0		
test_frontend_v2_compose.TestComposedPathStall::test_the_frontend_keeps_making_progress_after_the_redirect	PASS	block-FrontEnd	none			0		
test_frontend_v2_compose.TestComposition::test_bb_idx_reaches_decode_to_rename	PASS	block-FrontEnd	none			0		
test_frontend_v2_compose.TestComposition::test_fetch_advances_past_the_first_ft	PASS	block-FrontEnd	none			0		
test_frontend_v2_compose.TestComposition::test_fetch_stamps_the_bpu_row_index	PASS	block-FrontEnd	none			0		
test_frontend_v2_compose.TestComposition::test_frontend_v2_children_are_wired	PASS	block-FrontEnd	none			0		
test_frontend_v2_compose.TestComposition::test_frontend_v2_constructs_and_resets	PASS	block-FrontEnd	none			0		
test_frontend_v2_compose.TestComposition::test_ft_flows_bac_ftq_fetch_decode	PASS	block-FrontEnd	none			0		
test_frontend_v2_compose.TestComposition::test_ftq_head_bb_idx_comes_from_the_bpu_row_allocator	PASS	block-FrontEnd	none			0		
test_frontend_v2_compose.TestComposition::test_the_path_does_not_park_before_the_end_of_the_run	PASS	block-FrontEnd	none			0		
test_frontend_v2_compose.TestScheduleSeedSweep::test_identical_outcomes_across_schedule_seeds	PASS	block-FrontEnd	none			2		
test_frontend_v2_compose.TestScheduleSeedSweep::test_sweep_reaches_a_formed_ft	PASS	block-FrontEnd	none			0		
test_frontend_v2_compose.TestWindowAttach::test_member_bitmap_is_absolute_not_ft_relative	PASS	block-FrontEnd	none			0		
test_frontend_v2_compose.TestWindowAttach::test_member_instruction_gets_absolute_slot	PASS	block-FrontEnd	none			0		
test_icache_cl.TestBackpressure::test_i51_ready_after_reset	PASS	block-ICache	none			0		
test_icache_cl.TestBackpressure::test_i52_not_ready_when_mshr_full	PASS	block-ICache	none			0		
test_icache_cl.TestBackpressure::test_i53_ready_after_mshr_freed	PASS	block-ICache	none			0		
test_icache_cl.TestCacheHit::test_i11_single_hit	PASS	block-ICache	none			0		
test_icache_cl.TestCacheHit::test_i12_multiple_hits_same_cycle	PASS	block-ICache	none			0		
test_icache_cl.TestCacheHit::test_i13_hit_updates_plru	PASS	block-ICache	none			0		
test_icache_cl.TestCacheHit::test_i14_hit_does_not_allocate_mshr	PASS	block-ICache	none			0		
test_icache_cl.TestCacheHit::test_i15_miss_after_hit_line_invalidated	PASS	block-ICache	none			0		
test_icache_cl.TestCacheMissFill::test_i16_miss_allocates_mshr	PASS	block-ICache	none			0		
test_icache_cl.TestCacheMissFill::test_i17_miss_issues_memory_request	PASS	block-ICache	none			0		
test_icache_cl.TestCacheMissFill::test_i18_fill_completes_miss	PASS	block-ICache	none			0		
test_icache_cl.TestCacheMissFill::test_i19_fill_writes_cache	PASS	block-ICache	none			0		
test_icache_cl.TestCacheMissFill::test_i20_miss_frees_mshr_after_fill	PASS	block-ICache	none			0		
test_icache_cl.TestExternalITLBMiss::test_i36_itlb_miss_allocates_ptw_mshr	PASS	block-ICache	none			0		
test_icache_cl.TestExternalITLBMiss::test_i37_itlb_late_response_retrys_miss	PASS	block-ICache	none			0		
test_icache_cl.TestExternalITLBMiss::test_i38_itlb_late_fault_responds	PASS	block-ICache	none			0		
test_icache_cl.TestExternalITLBMiss::test_i39_itlb_late_perm_denied	PASS	block-ICache	none			0		
test_icache_cl.TestExternalITLBMiss::test_i40_ptw_then_fill	PASS	block-ICache	none			0		
test_icache_cl.TestFlush::test_i41_flush_all_invalidates_everything	PASS	block-ICache	none			0		
test_icache_cl.TestFlush::test_i42_flush_all_ack	PASS	block-ICache	none			0		
test_icache_cl.TestFlush::test_i43_flush_by_va_invalidates_match	PASS	block-ICache	none			0		
test_icache_cl.TestFlush::test_i44_flush_by_va_preserves_unrelated	PASS	block-ICache	none			0		
test_icache_cl.TestFlush::test_i45_flush_by_range	PASS	block-ICache	none			0		
test_icache_cl.TestICacheConstruction::test_i0_default_construction	PASS	block-ICache	none			0		
test_icache_cl.TestICacheConstruction::test_i10_custom_mshr_config	PASS	block-ICache	none			0		
test_icache_cl.TestICacheConstruction::test_i2_derived_parameters	PASS	block-ICache	none			0		
test_icache_cl.TestICacheConstruction::test_i3_initial_tag_array_invalid	PASS	block-ICache	none			0		
test_icache_cl.TestICacheConstruction::test_i4_initial_plru_zero	PASS	block-ICache	none			0		
test_icache_cl.TestICacheConstruction::test_i5_initial_mshr_free	PASS	block-ICache	none			0		
test_icache_cl.TestICacheConstruction::test_i6_initial_response_queue_empty	PASS	block-ICache	none			0		
test_icache_cl.TestICacheConstruction::test_i7_initial_asid_zero	PASS	block-ICache	none			0		
test_icache_cl.TestICacheConstruction::test_i8_initial_flush_inactive	PASS	block-ICache	none			0		
test_icache_cl.TestICacheConstruction::test_i9_custom_cache_size	PASS	block-ICache	none			0		
test_icache_cl.TestITLBFault::test_i31_translation_fault_response	PASS	block-ICache	none			0		
test_icache_cl.TestITLBFault::test_i32_permission_denied_no_execute	PASS	block-ICache	none			0		
test_icache_cl.TestITLBFault::test_i33_fault_does_not_allocate_mshr	PASS	block-ICache	none			0		
test_icache_cl.TestITLBFault::test_i34_hit_permission_denied	PASS	block-ICache	none			0		
test_icache_cl.TestInterface::test_i61_fetch_request_port	PASS	block-ICache	none			0		
test_icache_cl.TestInterface::test_i62_fetch_response_port	PASS	block-ICache	none			0		
test_icache_cl.TestInterface::test_i63_itlb_ports	PASS	block-ICache	none			0		
test_icache_cl.TestInterface::test_i64_memory_ports	PASS	block-ICache	none			0		
test_icache_cl.TestInterface::test_i65_flush_ports	PASS	block-ICache	none			0		
test_icache_cl.TestMSHRCoalescing::test_i26_two_requests_same_line_coalesce	PASS	block-ICache	none			0		
test_icache_cl.TestMSHRCoalescing::test_i27_coalesced_waiters_both_respond	PASS	block-ICache	none			0		
test_icache_cl.TestMSHRCoalescing::test_i28_different_lines_allocate_separate_mshrs	PASS	block-ICache	none			0		
test_icache_cl.TestMSHRCoalescing::test_i29_coalesce_only_same_line	PASS	block-ICache	none			0		
test_icache_cl.TestMemoryError::test_i56_memory_error_fault	PASS	block-ICache	none			0		
test_icache_cl.TestMemoryError::test_i57_memory_error_frees_mshr	PASS	block-ICache	none			0		
test_icache_cl.TestMemoryError::test_i58_memory_error_does_not_fill_cache	PASS	block-ICache	none			0		
test_icache_cl.TestPLRU::test_i46_plru_replace_initial	PASS	block-ICache	none			0		
test_icache_cl.TestPLRU::test_i47_plru_replace_after_access	PASS	block-ICache	none			0		
test_icache_cl.TestPLRU::test_i48_fill_uses_plru_victim	PASS	block-ICache	none			0		
test_icache_cl.TestPLRU::test_i49_plru_updates_on_fill	PASS	block-ICache	none			0		
src.cpu.pyo3.pymtl3.o3-block-tests.IEW.test_iew_cl.TestBranchClusterWiring::test_branch_cluster_has_dedicated_fus	PASS	block-IEW	none			0		
src.cpu.pyo3.pymtl3.o3-block-tests.IEW.test_iew_cl.TestBranchClusterWiring::test_branch_cluster_wires_are_connected	PASS	block-IEW	none			0		
src.cpu.pyo3.pymtl3.o3-block-tests.IEW.test_iew_cl.TestCSRFileIntegration::test_csr_file_is_csr_file_cl_instance	PASS	block-IEW	none			0		
src.cpu.pyo3.pymtl3.o3-block-tests.IEW.test_iew_cl.TestCSRFileIntegration::test_csr_file_uses_iew_max_threads	PASS	block-IEW	none			0		
src.cpu.pyo3.pymtl3.o3-block-tests.IEW.test_iew_cl.TestCSRFileIntegration::test_iew_exposes_csr_file_sub_component	PASS	block-IEW	none			0		
src.cpu.pyo3.pymtl3.o3-block-tests.IEW.test_iew_cl.TestCSRWiringReadOperand::test_all_five_read_operand_clusters_have_csr_read_wired	PASS	block-IEW	none			0		
src.cpu.pyo3.pymtl3.o3-block-tests.IEW.test_iew_cl.TestCSRWiringReadOperand::test_csr_read_returns_misa_default	PASS	block-IEW	none			0		
src.cpu.pyo3.pymtl3.o3-block-tests.IEW.test_iew_cl.TestCSRWiringReadOperand::test_csr_read_returns_zero_for_uninitialized_csr	PASS	block-IEW	none			0		
src.cpu.pyo3.pymtl3.o3-block-tests.IEW.test_iew_cl.TestCSRWiringWriteBack::test_wb_csr_write_committed_to_csr_file_after_tick	PASS	block-IEW	none			0		
src.cpu.pyo3.pymtl3.o3-block-tests.IEW.test_iew_cl.TestCSRWiringWriteBack::test_wb_csr_write_rdy_follows_csr_file_write_rdy	PASS	block-IEW	none			0		
src.cpu.pyo3.pymtl3.o3-block-tests.IEW.test_iew_cl.TestE2EFloatCluster::test_fadd_s_completes_through_float_cluster	PASS	block-IEW	none			0		
src.cpu.pyo3.pymtl3.o3-block-tests.IEW.test_iew_cl.TestE2EIcSquashFunctional::test_ic_squash_clears_iq_entries	PASS	block-IEW	none			0		
src.cpu.pyo3.pymtl3.o3-block-tests.IEW.test_iew_cl.TestE2EIcSquashFunctional::test_ic_squash_clears_lsq_load_entry	PASS	block-IEW	none			0		
src.cpu.pyo3.pymtl3.o3-block-tests.IEW.test_iew_cl.TestE2EIntCluster::test_add_completes_through_int_cluster	PASS	block-IEW	none			0		
src.cpu.pyo3.pymtl3.o3-block-tests.IEW.test_iew_cl.TestE2EIntCluster::test_addi_imm_completes_through_int_cluster	PASS	block-IEW	none			0		
src.cpu.pyo3.pymtl3.o3-block-tests.IEW.test_iew_cl.TestE2ELoadMemoryPath::test_load_completes_through_memory_path	PASS	block-IEW	none			0		
src.cpu.pyo3.pymtl3.o3-block-tests.IEW.test_iew_cl.TestE2EMemClusterFUExecution::test_mem_cluster_wires_fire_on_load	PASS	block-IEW	none			0		
src.cpu.pyo3.pymtl3.o3-block-tests.IEW.test_iew_cl.TestE2EMemLoadPath::test_load_inserts_into_lsq_and_mem_iq	PASS	block-IEW	none			0		
src.cpu.pyo3.pymtl3.o3-block-tests.IEW.test_iew_cl.TestE2EMemLoadPath::test_load_routes_to_mem_iq_not_int_iq	PASS	block-IEW	none			0		
src.cpu.pyo3.pymtl3.o3-block-tests.IEW.test_iew_cl.TestE2EMispredictToCommit::test_beq_mispredict_fires_iew_to_commit	PASS	block-IEW	none			0		
src.cpu.pyo3.pymtl3.o3-block-tests.IEW.test_iew_cl.TestE2EMispredictToCommit::test_mispredict_per_thread_isolation	PASS	block-IEW	none			0		
src.cpu.pyo3.pymtl3.o3-block-tests.IEW.test_iew_cl.TestE2EPureAmoAddWord::test_amo_add_creates_sq_but_not_lq	PASS	block-IEW	none			0		
src.cpu.pyo3.pymtl3.o3-block-tests.IEW.test_iew_cl.TestE2EPureBackToBackIntMultSingleFU::test_two_intmult_ops_both_complete	PASS	block-IEW	none			0		
src.cpu.pyo3.pymtl3.o3-block-tests.IEW.test_iew_cl.TestE2EPureBackwardBusFreeEntries::test_free_iq_entries_decrease_after_dispatch	PASS	block-IEW	none			0		
src.cpu.pyo3.pymtl3.o3-block-tests.IEW.test_iew_cl.TestE2EPureBackwardBusIewBlock::test_iew_block_and_unblock	PASS	block-IEW	none			0		
src.cpu.pyo3.pymtl3.o3-block-tests.IEW.test_iew_cl.TestE2EPureBranchClusterFUExecution::test_beq_through_branch_cluster_wires_fire	PASS	block-IEW	none			0		
src.cpu.pyo3.pymtl3.o3-block-tests.IEW.test_iew_cl.TestE2EPureCSRWrite::test_csrrw_fires_wb_csr_write	PASS	block-IEW	none			0		
src.cpu.pyo3.pymtl3.o3-block-tests.IEW.test_iew_cl.TestE2EPureCommitLoadsPath::test_commit_loads_frees_lq_entry	PASS	block-IEW	none			0		
src.cpu.pyo3.pymtl3.o3-block-tests.IEW.test_iew_cl.TestE2EPureCsrWriteFullSignals::test_csrrw_wb_csr_write_all_signals	PASS	block-IEW	none			0		
src.cpu.pyo3.pymtl3.o3-block-tests.IEW.test_iew_cl.TestE2EPureDependentInstructions::test_dependent_adds_raw_bypass	PASS	block-IEW	none			0		
src.cpu.pyo3.pymtl3.o3-block-tests.IEW.test_iew_cl.TestE2EPureDirectCompletePath::test_faulted_lw_fires_direct_complete	PASS	block-IEW	none			0		
src.cpu.pyo3.pymtl3.o3-block-tests.IEW.test_iew_cl.TestE2EPureDrainComplete::test_drain_complete_after_instructions	PASS	block-IEW	none			0		
src.cpu.pyo3.pymtl3.o3-block-tests.IEW.test_iew_cl.TestE2EPureDrainHoldsAfterStallsDrainDeasserts::test_drain_holds_after_deassert	PASS	block-IEW	none			0		
src.cpu.pyo3.pymtl3.o3-block-tests.IEW.test_iew_cl.TestE2EPureFaultPreExecPath::test_pre_exec_fault_fires_wb_fault	PASS	block-IEW	none			0		
src.cpu.pyo3.pymtl3.o3-block-tests.IEW.test_iew_cl.TestE2EPureFaultTranslationPath::test_load_translation_fault_fires_wb_fault	PASS	block-IEW	none			0		
src.cpu.pyo3.pymtl3.o3-block-tests.IEW.test_iew_cl.TestE2EPureFenceExecution::test_fence_complete_clears_lq_sq_fence_entries	PASS	block-IEW	none			0		
src.cpu.pyo3.pymtl3.o3-block-tests.IEW.test_iew_cl.TestE2EPureFencePassThrough::test_fence_complete_alias_and_forwarding	PASS	block-IEW	none			0		
src.cpu.pyo3.pymtl3.o3-block-tests.IEW.test_iew_cl.TestE2EPureFuAllocNoContentionModel::test_two_mul_ops_both_complete_no_contention	PASS	block-IEW	none			0		
src.cpu.pyo3.pymtl3.o3-block-tests.IEW.test_iew_cl.TestE2EPureIcSquashFunctional::test_squashed_add_issues_with_squashed_flag	PASS	block-IEW	none			0		
src.cpu.pyo3.pymtl3.o3-block-tests.IEW.test_iew_cl.TestE2EPureIqFullBackpressure::test_iq_full_rdy_returns_false	PASS	block-IEW	none			0		
src.cpu.pyo3.pymtl3.o3-block-tests.IEW.test_iew_cl.TestE2EPureLSQLoadPath::test_lw_load_path_fires_dtlb_req	PASS	block-IEW	none			0		
src.cpu.pyo3.pymtl3.o3-block-tests.IEW.test_iew_cl.TestE2EPureLSQStorePath::test_sw_store_path_fires_dtlb_req	PASS	block-IEW	none			0		
src.cpu.pyo3.pymtl3.o3-block-tests.IEW.test_iew_cl.TestE2EPureLoadDataReturnPath::test_load_data_flows_through_lsq_execute_resp	PASS	block-IEW	none			0		
src.cpu.pyo3.pymtl3.o3-block-tests.IEW.test_iew_cl.TestE2EPureLsqInsertRdyGap::test_insert_load_rdy_always_true	PASS	block-IEW	none			0		
src.cpu.pyo3.pymtl3.o3-block-tests.IEW.test_iew_cl.TestE2EPureMemClusterWiresFunctional::test_lw_through_mem_cluster_wires_fire	PASS	block-IEW	none			0		
src.cpu.pyo3.pymtl3.o3-block-tests.IEW.test_iew_cl.TestE2EPureMemViolationToCommit::test_mem_violation_fires_iew_to_commit	PASS	block-IEW	none			0		
src.cpu.pyo3.pymtl3.o3-block-tests.IEW.test_iew_cl.TestE2EPureMispredictToCommit::test_beq_taken_pred_not_taken_fires_iew_to_commit	PASS	block-IEW	none			0		
src.cpu.pyo3.pymtl3.o3-block-tests.IEW.test_iew_cl.TestE2EPureMispredictToCommit::test_bne_not_taken_pred_taken_fires_iew_to_commit	PASS	block-IEW	none			0		
src.cpu.pyo3.pymtl3.o3-block-tests.IEW.test_iew_cl.TestE2EPureMispredictToCommit::test_jal_unconditional_pred_not_taken_fires_iew_to_commit	PASS	block-IEW	none			0		
src.cpu.pyo3.pymtl3.o3-block-tests.IEW.test_iew_cl.TestE2EPureNonSpecInstReady::test_non_spec_inst_ready_clears_sq_entry	PASS	block-IEW	none			0		
src.cpu.pyo3.pymtl3.o3-block-tests.IEW.test_iew_cl.TestE2EPureSCFailurePath::test_sc_fails_when_reservation_not_set	PASS	block-IEW	none			0		
src.cpu.pyo3.pymtl3.o3-block-tests.IEW.test_iew_cl.TestE2EPureSCPath::test_lr_then_sc_succeeds_with_reservation	PASS	block-IEW	none			0		
src.cpu.pyo3.pymtl3.o3-block-tests.IEW.test_iew_cl.TestE2EPureSRETFault::test_sret_u_mode_fires_wb_fault	PASS	block-IEW	none			0		
src.cpu.pyo3.pymtl3.o3-block-tests.IEW.test_iew_cl.TestE2EPureSnoopInv::test_snoop_inv_reissues_inflight_load	PASS	block-IEW	none			0		
src.cpu.pyo3.pymtl3.o3-block-tests.IEW.test_iew_cl.TestE2EPureSplitLoadPath::test_split_load_issues_two_dcache_reqs	PASS	block-IEW	none			0		
src.cpu.pyo3.pymtl3.o3-block-tests.IEW.test_iew_cl.TestE2EPureSquashDuringFuCompute::test_fadd_squash_mid_compute_suppresses_rf_write	PASS	block-IEW	none			0		
src.cpu.pyo3.pymtl3.o3-block-tests.IEW.test_iew_cl.TestE2EPureSquashDuringLsqExecute::test_load_squash_in_lsq_suppresses_rf_write	PASS	block-IEW	none			0		
src.cpu.pyo3.pymtl3.o3-block-tests.IEW.test_iew_cl.TestE2EPureSquashEffect::test_add_squash_before_issue_suppresses_rf_write	PASS	block-IEW	none			0		
src.cpu.pyo3.pymtl3.o3-block-tests.IEW.test_iew_cl.TestE2EPureSquashEffect::test_intmult_squash_mid_flight_suppresses_rf_write	PASS	block-IEW	none			0		
src.cpu.pyo3.pymtl3.o3-block-tests.IEW.test_iew_cl.TestE2EPureSquashThreadIsolation::test_squash_tid0_isolates_tid1	PASS	block-IEW	none			0		
src.cpu.pyo3.pymtl3.o3-block-tests.IEW.test_iew_cl.TestE2EPureStoreDTLBFullSignals::test_store_dtlb_req_all_signals	PASS	block-IEW	none			0		
src.cpu.pyo3.pymtl3.o3-block-tests.IEW.test_iew_cl.TestE2EPureStrictlyOrderedLoadReplay::test_strictly_ordered_load_polls_then_issues_after_commit	PASS	block-IEW	none			0		
src.cpu.pyo3.pymtl3.o3-block-tests.IEW.test_iew_cl.TestE2EPureTLBIInv::test_tlbi_inv_marks_lq_entries_stale	PASS	block-IEW	none			0		
src.cpu.pyo3.pymtl3.o3-block-tests.IEW.test_iew_cl.TestE2EPureTLBMissDefer::test_dtlb_miss_defers_load_then_reissue	PASS	block-IEW	none			0		
src.cpu.pyo3.pymtl3.o3-block-tests.IEW.test_iew_cl.TestE2EPureTwoIndependentInstructions::test_two_independent_adds_both_complete	PASS	block-IEW	none			0		
src.cpu.pyo3.pymtl3.o3-block-tests.IEW.test_iew_cl.TestE2EPureTwoThreadConcurrentDispatch::test_two_thread_adds_both_complete	PASS	block-IEW	none			0		
src.cpu.pyo3.pymtl3.o3-block-tests.IEW.test_iew_cl.TestE2EPureViolationAck::test_violation_ack_clears_sticky_flag	PASS	block-IEW	none			0		
src.cpu.pyo3.pymtl3.o3-block-tests.IEW.test_iew_cl.TestE2EPureViolationBeatsMispredict::test_violation_beats_mispredict_same_cycle	PASS	block-IEW	none			0		
src.cpu.pyo3.pymtl3.o3-block-tests.IEW.test_iew_cl.TestE2EPureWawOrdering::test_waw_both_writeback_in_order	PASS	block-IEW	none			0		
src.cpu.pyo3.pymtl3.o3-block-tests.IEW.test_iew_cl.TestE2EPureWbFaultFullSignals::test_sret_wb_fault_all_signals	PASS	block-IEW	none			0		
src.cpu.pyo3.pymtl3.o3-block-tests.IEW.test_iew_cl.TestE2EStoreMemoryPath::test_store_pa_req_fires_with_correct_signals	PASS	block-IEW	none			0		
src.cpu.pyo3.pymtl3.o3-block-tests.IEW.test_iew_cl.TestE2EStorePath::test_store_inserts_into_lsq_and_mem_iq	PASS	block-IEW	none			0		
src.cpu.pyo3.pymtl3.o3-block-tests.IEW.test_iew_cl.TestE2EVAProbePath::test_dcache_va_probe_resp_accepted	PASS	block-IEW	none			0		
src.cpu.pyo3.pymtl3.o3-block-tests.IEW.test_iew_cl.TestE2EVAProbePath::test_va_probe_pa_fires_on_dtlb_hit	PASS	block-IEW	none			0		
src.cpu.pyo3.pymtl3.o3-block-tests.IEW.test_iew_cl.TestE2EVAProbePath::test_va_probe_req_fires_with_load	PASS	block-IEW	none			0		
src.cpu.pyo3.pymtl3.o3-block-tests.IEW.test_iew_cl.TestE2EVectorCluster::test_vector_op_routes_to_vector_iq	PASS	block-IEW	none			0		
src.cpu.pyo3.pymtl3.o3-block-tests.IEW.test_iew_cl.TestE2EVectorClusterFUExecution::test_vector_fu_executes_and_writes_vec_reg	PASS	block-IEW	none			0		
src.cpu.pyo3.pymtl3.o3-block-tests.IEW.test_iew_cl.TestE2EWbCsrWritePath::test_csrrw_fires_through_pipeline	PASS	block-IEW	none			0		
src.cpu.pyo3.pymtl3.o3-block-tests.IEW.test_iew_cl.TestE2EWbFaultPath::test_ecall_faults_through_pipeline	PASS	block-IEW	none			0		
src.cpu.pyo3.pymtl3.o3-block-tests.IEW.test_iew_cl.TestE2EWbRobUpdateFullSignals::test_rob_update_carries_all_9_signals	PASS	block-IEW	none			0		
src.cpu.pyo3.pymtl3.o3-block-tests.IEW.test_iew_cl.TestE2EWbRobUpdateFullSignals::test_sb_setreg_fires_with_correct_phys_reg	PASS	block-IEW	none			0		
src.cpu.pyo3.pymtl3.o3-block-tests.IEW.test_iew_cl.TestIcSquashFanOut::test_bc_iew_squash_clears_pending_in_parent	PASS	block-IEW	none			0		
src.cpu.pyo3.pymtl3.o3-block-tests.IEW.test_iew_cl.TestIcSquashFanOut::test_bc_iew_squash_per_thread_isolation	PASS	block-IEW	none			0		
src.cpu.pyo3.pymtl3.o3-block-tests.IEW.test_iew_cl.TestIcSquashFanOut::test_bc_iew_squash_propagates_to_writeback_pending	PASS	block-IEW	none			0		
src.cpu.pyo3.pymtl3.o3-block-tests.IEW.test_iew_cl.TestIcSquashFanOut::test_writeback_ic_squash_signature_is_tid_seqnum	PASS	block-IEW	none			0		
src.cpu.pyo3.pymtl3.o3-block-tests.IEW.test_iew_cl.TestInterSubBlockInterfaces::test_dispatch_to_iq_iq_dispatch_wire	PASS	block-IEW	none			0		
src.cpu.pyo3.pymtl3.o3-block-tests.IEW.test_iew_cl.TestInterSubBlockInterfaces::test_dispatch_to_lsq_insert_load_wire	PASS	block-IEW	none			0		
src.cpu.pyo3.pymtl3.o3-block-tests.IEW.test_iew_cl.TestInterSubBlockInterfaces::test_dispatch_to_lsq_insert_store_wire	PASS	block-IEW	none			0		
src.cpu.pyo3.pymtl3.o3-block-tests.IEW.test_iew_cl.TestInterSubBlockInterfaces::test_fupool_to_writeback_fu_complete_wire	PASS	block-IEW	none			0		
src.cpu.pyo3.pymtl3.o3-block-tests.IEW.test_iew_cl.TestInterSubBlockInterfaces::test_ic_squash_fanout_to_all_sub_blocks	PASS	block-IEW	none			0		
src.cpu.pyo3.pymtl3.o3-block-tests.IEW.test_iew_cl.TestInterSubBlockInterfaces::test_iq_to_readoperand_int_wire	PASS	block-IEW	none			0		
src.cpu.pyo3.pymtl3.o3-block-tests.IEW.test_iew_cl.TestInterSubBlockInterfaces::test_lsq_to_writeback_execute_resp_wire	PASS	block-IEW	none			0		
src.cpu.pyo3.pymtl3.o3-block-tests.IEW.test_iew_cl.TestInterSubBlockInterfaces::test_readoperand_float_to_fupool_wire	PASS	block-IEW	none			0		
src.cpu.pyo3.pymtl3.o3-block-tests.IEW.test_iew_cl.TestInterSubBlockInterfaces::test_readoperand_float_to_physregfile_wire	PASS	block-IEW	none			0		
src.cpu.pyo3.pymtl3.o3-block-tests.IEW.test_iew_cl.TestInterSubBlockInterfaces::test_readoperand_float_to_writeback_issued_wire	PASS	block-IEW	none			0		
src.cpu.pyo3.pymtl3.o3-block-tests.IEW.test_iew_cl.TestInterSubBlockInterfaces::test_readoperand_mem_to_writeback_direct_complete_wire	PASS	block-IEW	none			0		
src.cpu.pyo3.pymtl3.o3-block-tests.IEW.test_iew_cl.TestInterSubBlockInterfaces::test_readoperand_to_fupool_int_wire	PASS	block-IEW	none			0		
src.cpu.pyo3.pymtl3.o3-block-tests.IEW.test_iew_cl.TestInterSubBlockInterfaces::test_readoperand_to_physregfile_int_wire	PASS	block-IEW	none			0		
src.cpu.pyo3.pymtl3.o3-block-tests.IEW.test_iew_cl.TestInterSubBlockInterfaces::test_readoperand_to_writeback_issued_wire	PASS	block-IEW	none			0		
src.cpu.pyo3.pymtl3.o3-block-tests.IEW.test_iew_cl.TestStructuralBackwardBusWiring::test_bc_ports_exist_and_wired	PASS	block-IEW	none			0		
src.cpu.pyo3.pymtl3.o3-block-tests.IEW.test_iew_cl.TestStructuralDrainWiring::test_drain_ports_exist_and_wired	PASS	block-IEW	none			0		
src.cpu.pyo3.pymtl3.o3-block-tests.IEW.test_iew_cl::test_violation_push_sink_to_mempending	PASS	block-IEW	none			0		
src.cpu.pyo3.pymtl3.o3-block-tests.IEW.test_iew_cl_adr0033_primary.TestBypassQueryWiringADR0033Primary::test_all_five_ro_bypass_query_wired_to_write_back	PASS	block-IEW	none			0		
src.cpu.pyo3.pymtl3.o3-block-tests.IEW.test_iew_cl_adr0033_primary.TestBypassQueryWiringADR0033Primary::test_bypass_query_returns_hit_when_completion_pending	PASS	block-IEW	none			0		
src.cpu.pyo3.pymtl3.o3-block-tests.IEW.test_iew_cl_adr0033_primary.TestSbSetRegWiringADR0033Primary::test_fu_pool_sb_setReg_propagates_to_scoreboard	PASS	block-IEW	none			0		
src.cpu.pyo3.pymtl3.o3-block-tests.IEW.test_iew_cl_adr0033_primary.TestSbSetRegWiringADR0033Primary::test_lsq_sb_setReg_propagates_to_scoreboard	PASS	block-IEW	none			0		
src.cpu.pyo3.pymtl3.o3-block-tests.IEW.test_iew_cl_adr0033_primary.TestSbSetRegWiringADR0033Primary::test_scoreboard_has_wb_set_req_from_lsq_port	PASS	block-IEW	none			0		
src.cpu.pyo3.pymtl3.o3-block-tests.IEW.test_iew_cl_adr0033_primary.TestSbSetRegWiringADR0033Primary::test_write_back_has_no_sb_setReg_caller	PASS	block-IEW	none			0		
src.cpu.pyo3.pymtl3.o3-block-tests.IEW.test_iew_cl_adr0033_speculation.TestSpeculationWiringADR0033::test_fu_pool_fu_early_complete_wired_to_iq	PASS	block-IEW	none			0		
src.cpu.pyo3.pymtl3.o3-block-tests.IEW.test_iew_cl_adr0033_speculation.TestSpeculationWiringADR0033::test_iq_has_fu_early_complete_from_lsq_port	PASS	block-IEW	none			0		
src.cpu.pyo3.pymtl3.o3-block-tests.IEW.test_iew_cl_adr0033_speculation.TestSpeculationWiringADR0033::test_lsq_fu_early_complete_wired_to_iq_from_lsq	PASS	block-IEW	none			0		
src.cpu.pyo3.pymtl3.o3-block-tests.IEW.test_iew_cl_adr0033_speculation.TestSpeculationWiringADR0033::test_lsq_fu_nack_wired_to_iq	PASS	block-IEW	none			0		
src.cpu.pyo3.pymtl3.o3-block-tests.IQ.test_int_iq_cl.TestReset::test_after_reset_no_entries	PASS	block-IQ	none			0		
src.cpu.pyo3.pymtl3.o3-block-tests.IQ.test_int_iq_cl_adr0033.TestAddConsumer::test_add_consumer_accumulates_bits	PASS	block-IQ	none			0		
src.cpu.pyo3.pymtl3.o3-block-tests.IQ.test_int_iq_cl_adr0033.TestAddConsumer::test_add_consumer_idempotent_same_bit	PASS	block-IQ	none			0		
src.cpu.pyo3.pymtl3.o3-block-tests.IQ.test_int_iq_cl_adr0033.TestAddConsumer::test_add_consumer_rdy_when_producer_valid	PASS	block-IQ	none			0		
src.cpu.pyo3.pymtl3.o3-block-tests.IQ.test_int_iq_cl_adr0033.TestAddConsumer::test_add_consumer_sets_bit_in_consumer_mask	PASS	block-IQ	none			0		
src.cpu.pyo3.pymtl3.o3-block-tests.IQ.test_int_iq_cl_adr0033.TestBatchedDispatch::test_batched_dispatch_empty_list	PASS	block-IQ	none			0		
src.cpu.pyo3.pymtl3.o3-block-tests.IQ.test_int_iq_cl_adr0033.TestBatchedDispatch::test_batched_dispatch_entries_committed_after_tick	PASS	block-IQ	none			0		
src.cpu.pyo3.pymtl3.o3-block-tests.IQ.test_int_iq_cl_adr0033.TestBatchedDispatch::test_batched_dispatch_rdy_checks_capacity	PASS	block-IQ	none			0		
src.cpu.pyo3.pymtl3.o3-block-tests.IQ.test_int_iq_cl_adr0033.TestBatchedDispatch::test_batched_dispatch_rdy_true_when_enough_space	PASS	block-IQ	none			0		
src.cpu.pyo3.pymtl3.o3-block-tests.IQ.test_int_iq_cl_adr0033.TestBatchedDispatch::test_batched_dispatch_returns_local_indices	PASS	block-IQ	none			0		
src.cpu.pyo3.pymtl3.o3-block-tests.IQ.test_int_iq_cl_adr0033.TestEntryFields::test_entry_fields_initialized_to_zero	PASS	block-IQ	none			0		
src.cpu.pyo3.pymtl3.o3-block-tests.IQ.test_int_iq_cl_adr0033.TestEntryFields::test_entry_has_adr0033_fields_after_dispatch	PASS	block-IQ	none			0		
src.cpu.pyo3.pymtl3.o3-block-tests.IQ.test_int_iq_cl_adr0033.TestFuEarlyComplete::test_fu_early_complete_broadcasts_consumer_mask	PASS	block-IQ	none			0		
src.cpu.pyo3.pymtl3.o3-block-tests.IQ.test_int_iq_cl_adr0033.TestFuEarlyComplete::test_fu_early_complete_sets_acked_mask	PASS	block-IQ	none			0		
src.cpu.pyo3.pymtl3.o3-block-tests.IQ.test_int_iq_cl_adr0033.TestFuEarlyComplete::test_fu_early_complete_snapshots_last_ack_mask	PASS	block-IQ	none			0		
src.cpu.pyo3.pymtl3.o3-block-tests.IQ.test_int_iq_cl_adr0033.TestFuEarlyComplete::test_fu_real_complete_after_early_complete_only_broadcasts_unacked	PASS	block-IQ	none			0		
src.cpu.pyo3.pymtl3.o3-block-tests.IQ.test_int_iq_cl_adr0033.TestFuNack::test_fu_nack_broadcasts_last_ack_mask	PASS	block-IQ	none			0		
src.cpu.pyo3.pymtl3.o3-block-tests.IQ.test_int_iq_cl_adr0033.TestFuNack::test_fu_nack_clears_acked_mask	PASS	block-IQ	none			0		
src.cpu.pyo3.pymtl3.o3-block-tests.IQ.test_int_iq_cl_adr0033.TestFuNack::test_fu_nack_uses_last_ack_mask_not_current	PASS	block-IQ	none			0		
src.cpu.pyo3.pymtl3.o3-block-tests.IQ.test_int_iq_cl_adr0033.TestFuRealComplete::test_fu_real_complete_broadcasts_wakeup_mask	PASS	block-IQ	none			0		
src.cpu.pyo3.pymtl3.o3-block-tests.IQ.test_int_iq_cl_adr0033.TestFuRealComplete::test_fu_real_complete_deallocates_entry	PASS	block-IQ	none			0		
src.cpu.pyo3.pymtl3.o3-block-tests.IQ.test_int_iq_cl_adr0033.TestFuRealComplete::test_fu_real_complete_excludes_acked_mask	PASS	block-IQ	none			0		
src.cpu.pyo3.pymtl3.o3-block-tests.IQ.test_int_iq_cl_adr0033.TestIssuedField::test_fu_real_complete_clears_issued_field	PASS	block-IQ	none			0		
src.cpu.pyo3.pymtl3.o3-block-tests.IQ.test_int_iq_cl_adr0033.TestIssuedField::test_issued_entry_does_not_block_younger_entries	PASS	block-IQ	none			0		
src.cpu.pyo3.pymtl3.o3-block-tests.IQ.test_int_iq_cl_adr0033.TestIssuedField::test_ready_entry_marked_issued_not_deallocated	PASS	block-IQ	none			0		
src.cpu.pyo3.pymtl3.o3-block-tests.IQ.test_int_iq_cl_adr0033.TestIssuedField::test_select_skips_issued_entries	PASS	block-IQ	none			0		
src.cpu.pyo3.pymtl3.o3-block-tests.IQ.test_int_iq_cl_adr0033.TestLazySquash::test_squashed_unready_entry_stays_in_iq	PASS	block-IQ	none			0		
src.cpu.pyo3.pymtl3.o3-block-tests.IQ.test_int_iq_cl_adr0033.TestLazySquash::test_sre_shadow_dispatching_state_not_squashed	PASS	block-IQ	none			0		
src.cpu.pyo3.pymtl3.o3-block-tests.IQ.test_int_iq_cl_adr0033.TestLazySquash::test_sre_shadow_squashing_state_detected	PASS	block-IQ	none			0		
src.cpu.pyo3.pymtl3.o3-block-tests.IQ.test_int_iq_cl_adr0033.TestLegacyRemoved::test_pending_wakeup_dests_attribute_removed	PASS	block-IQ	none			0		
src.cpu.pyo3.pymtl3.o3-block-tests.IQ.test_int_iq_cl_adr0033.TestLegacyRemoved::test_state_depend_graph_attribute_removed	PASS	block-IQ	none			0		
src.cpu.pyo3.pymtl3.o3-block-tests.IQ.test_int_iq_cl_adr0033.TestLegacyRemoved::test_wb_wake_destreg_attribute_removed	PASS	block-IQ	none			0		
src.cpu.pyo3.pymtl3.o3-block-tests.IQ.test_int_iq_cl_adr0033.TestWbNack::test_wb_nack_increments_pending_src_count	PASS	block-IQ	none			0		
src.cpu.pyo3.pymtl3.o3-block-tests.IQ.test_int_iq_cl_adr0033.TestWbNack::test_wb_nack_only_affects_matching_entries	PASS	block-IQ	none			0		
src.cpu.pyo3.pymtl3.o3-block-tests.IQ.test_int_iq_cl_adr0033.TestWbWakeup::test_wb_wakeup_decrements_pending_src_count	PASS	block-IQ	none			0		
src.cpu.pyo3.pymtl3.o3-block-tests.IQ.test_int_iq_cl_adr0033.TestWbWakeup::test_wb_wakeup_no_match_leaves_unchanged	PASS	block-IQ	none			0		
src.cpu.pyo3.pymtl3.o3-block-tests.IQ.test_int_iq_cl_adr0033.TestWbWakeup::test_wb_wakeup_only_affects_matching_entries	PASS	block-IQ	none			0		
src.cpu.pyo3.pymtl3.o3-block-tests.IQ.test_int_iq_cl_adr0033.TestWbWakeup::test_wb_wakeup_sets_all_srcs_ready_when_count_reaches_zero	PASS	block-IQ	none			0		
src.cpu.pyo3.pymtl3.o3-block-tests.IQ.test_iq_cl_adr0033.TestBatchedDispatch::test_batched_dispatch_empty_list_returns_empty	PASS	block-IQ	none			0		
src.cpu.pyo3.pymtl3.o3-block-tests.IQ.test_iq_cl_adr0033.TestBatchedDispatch::test_batched_dispatch_mixed_ops_returns_indices_per_cluster	PASS	block-IQ	none			0		
src.cpu.pyo3.pymtl3.o3-block-tests.IQ.test_iq_cl_adr0033.TestBatchedDispatch::test_batched_dispatch_multiple_int_reqs_one_cluster_call	PASS	block-IQ	none			0		
src.cpu.pyo3.pymtl3.o3-block-tests.IQ.test_iq_cl_adr0033.TestBatchedDispatch::test_batched_dispatch_routes_branch_op_to_branch_iq	PASS	block-IQ	none			0		
src.cpu.pyo3.pymtl3.o3-block-tests.IQ.test_iq_cl_adr0033.TestBatchedDispatch::test_batched_dispatch_routes_float_op_to_float_iq	PASS	block-IQ	none			0		
src.cpu.pyo3.pymtl3.o3-block-tests.IQ.test_iq_cl_adr0033.TestBatchedDispatch::test_batched_dispatch_routes_int_op_to_int_iq	PASS	block-IQ	none			0		
src.cpu.pyo3.pymtl3.o3-block-tests.IQ.test_iq_cl_adr0033.TestBatchedDispatch::test_batched_dispatch_routes_mem_load_to_mem_iq	PASS	block-IQ	none			0		
src.cpu.pyo3.pymtl3.o3-block-tests.IQ.test_iq_cl_adr0033.TestBatchedDispatch::test_batched_dispatch_routes_vector_op_to_vector_iq	PASS	block-IQ	none			0		
src.cpu.pyo3.pymtl3.o3-block-tests.IQ.test_iq_cl_adr0033.TestBroadcastNackFanout::test_broadcast_nack_fanout_calls_all_5_clusters	PASS	block-IQ	none			0		
src.cpu.pyo3.pymtl3.o3-block-tests.IQ.test_iq_cl_adr0033.TestBroadcastWakeupFanout::test_broadcast_wakeup_fanout_calls_all_5_clusters	PASS	block-IQ	none			0		
src.cpu.pyo3.pymtl3.o3-block-tests.IQ.test_iq_cl_adr0033.TestBroadcastWakeupFanout::test_int_iq_fu_real_complete_broadcasts_to_all_clusters	PASS	block-IQ	none			0		
src.cpu.pyo3.pymtl3.o3-block-tests.IQ.test_iq_cl_adr0033.TestClusterBase::test_branch_iq_cluster_base_is_36	PASS	block-IQ	none			0		
src.cpu.pyo3.pymtl3.o3-block-tests.IQ.test_iq_cl_adr0033.TestClusterBase::test_float_iq_cluster_base_is_44	PASS	block-IQ	none			0		
src.cpu.pyo3.pymtl3.o3-block-tests.IQ.test_iq_cl_adr0033.TestClusterBase::test_int_iq_cluster_base_is_0	PASS	block-IQ	none			0		
src.cpu.pyo3.pymtl3.o3-block-tests.IQ.test_iq_cl_adr0033.TestClusterBase::test_mem_iq_cluster_base_is_24	PASS	block-IQ	none			0		
src.cpu.pyo3.pymtl3.o3-block-tests.IQ.test_iq_cl_adr0033.TestClusterBase::test_vector_iq_cluster_base_is_56	PASS	block-IQ	none			0		
src.cpu.pyo3.pymtl3.o3-block-tests.IQ.test_iq_cl_adr0033.TestFuEarlyCompleteNackRouting::test_fu_early_complete_routes_to_int_cluster	PASS	block-IQ	none			0		
src.cpu.pyo3.pymtl3.o3-block-tests.IQ.test_iq_cl_adr0033.TestFuEarlyCompleteNackRouting::test_fu_early_complete_routes_to_mem_cluster	PASS	block-IQ	none			0		
src.cpu.pyo3.pymtl3.o3-block-tests.IQ.test_iq_cl_adr0033.TestFuEarlyCompleteNackRouting::test_fu_nack_routes_to_int_cluster	PASS	block-IQ	none			0		
src.cpu.pyo3.pymtl3.o3-block-tests.IQ.test_iq_cl_adr0033.TestFuRealCompleteRouting::test_fu_real_complete_routes_to_branch_cluster	PASS	block-IQ	none			0		
src.cpu.pyo3.pymtl3.o3-block-tests.IQ.test_iq_cl_adr0033.TestFuRealCompleteRouting::test_fu_real_complete_routes_to_float_cluster	PASS	block-IQ	none			0		
src.cpu.pyo3.pymtl3.o3-block-tests.IQ.test_iq_cl_adr0033.TestFuRealCompleteRouting::test_fu_real_complete_routes_to_int_cluster	PASS	block-IQ	none			0		
src.cpu.pyo3.pymtl3.o3-block-tests.IQ.test_iq_cl_adr0033.TestFuRealCompleteRouting::test_fu_real_complete_routes_to_mem_cluster	PASS	block-IQ	none			0		
src.cpu.pyo3.pymtl3.o3-block-tests.IQ.test_iq_cl_adr0033.TestFuRealCompleteRouting::test_fu_real_complete_routes_to_vector_cluster	PASS	block-IQ	none			0		
src.cpu.pyo3.pymtl3.o3-block-tests.IQ.test_iq_cl_adr0033.TestIcSquashBroadcast::test_ic_squash_broadcasts_to_all_clusters	PASS	block-IQ	none			0		
src.cpu.pyo3.pymtl3.o3-block-tests.IQ.test_iq_cl_adr0033.TestIqIssuePortsExported::test_iq_issue_branch_port_exists	PASS	block-IQ	none			0		
src.cpu.pyo3.pymtl3.o3-block-tests.IQ.test_iq_cl_adr0033.TestIqIssuePortsExported::test_iq_issue_float_port_exists	PASS	block-IQ	none			0		
src.cpu.pyo3.pymtl3.o3-block-tests.IQ.test_iq_cl_adr0033.TestIqIssuePortsExported::test_iq_issue_int_port_exists	PASS	block-IQ	none			0		
src.cpu.pyo3.pymtl3.o3-block-tests.IQ.test_iq_cl_adr0033.TestIqIssuePortsExported::test_iq_issue_mem_port_exists	PASS	block-IQ	none			0		
src.cpu.pyo3.pymtl3.o3-block-tests.IQ.test_iq_cl_adr0033.TestIqIssuePortsExported::test_iq_issue_vector_port_exists	PASS	block-IQ	none			0		
src.cpu.pyo3.pymtl3.o3-block-tests.IQ.test_iq_cl_adr0033.TestIqSetDependency::test_iq_set_dependency_routes_to_float_cluster	PASS	block-IQ	none			0		
src.cpu.pyo3.pymtl3.o3-block-tests.IQ.test_iq_cl_adr0033.TestIqSetDependency::test_iq_set_dependency_routes_to_int_cluster	PASS	block-IQ	none			0		
src.cpu.pyo3.pymtl3.o3-block-tests.IQ.test_iq_cl_adr0033.TestIqSetDependency::test_iq_set_dependency_routes_to_mem_cluster	PASS	block-IQ	none			0		
src.cpu.pyo3.pymtl3.o3-block-tests.IQ.test_iq_cl_adr0033.TestLegacyRemoved::test_no_iq_dispatch_default_attribute	PASS	block-IQ	none			0		
src.cpu.pyo3.pymtl3.o3-block-tests.IQ.test_iq_cl_adr0033.TestLegacyRemoved::test_no_pending_overflow_attribute	PASS	block-IQ	none			0		
src.cpu.pyo3.pymtl3.o3-block-tests.IQ.test_iq_cl_adr0033.TestLegacyRemoved::test_no_up_drain_overflow_attribute	PASS	block-IQ	none			0		
src.cpu.pyo3.pymtl3.o3-block-tests.IQ.test_iq_cl_adr0033.TestLegacyRemoved::test_no_wb_wake_destreg_attribute	PASS	block-IQ	none			0		
src.cpu.pyo3.pymtl3.o3-block-tests.IQ.test_mem_iq_cl_adr0033.TestAddConsumer::test_add_consumer_accumulates_bits	PASS	block-IQ	none			0		
src.cpu.pyo3.pymtl3.o3-block-tests.IQ.test_mem_iq_cl_adr0033.TestAddConsumer::test_add_consumer_idempotent_same_bit	PASS	block-IQ	none			0		
src.cpu.pyo3.pymtl3.o3-block-tests.IQ.test_mem_iq_cl_adr0033.TestAddConsumer::test_add_consumer_rdy_when_producer_valid	PASS	block-IQ	none			0		
src.cpu.pyo3.pymtl3.o3-block-tests.IQ.test_mem_iq_cl_adr0033.TestAddConsumer::test_add_consumer_sets_bit_in_lda_consumer_mask	PASS	block-IQ	none			0		
src.cpu.pyo3.pymtl3.o3-block-tests.IQ.test_mem_iq_cl_adr0033.TestBatchedDispatch::test_batched_dispatch_empty_list	PASS	block-IQ	none			0		
src.cpu.pyo3.pymtl3.o3-block-tests.IQ.test_mem_iq_cl_adr0033.TestBatchedDispatch::test_batched_dispatch_entries_committed_after_tick	PASS	block-IQ	none			0		
src.cpu.pyo3.pymtl3.o3-block-tests.IQ.test_mem_iq_cl_adr0033.TestBatchedDispatch::test_batched_dispatch_load_creates_lda_entry	PASS	block-IQ	none			0		
src.cpu.pyo3.pymtl3.o3-block-tests.IQ.test_mem_iq_cl_adr0033.TestBatchedDispatch::test_batched_dispatch_load_returns_one_index	PASS	block-IQ	none			0		
src.cpu.pyo3.pymtl3.o3-block-tests.IQ.test_mem_iq_cl_adr0033.TestBatchedDispatch::test_batched_dispatch_rdy_true_when_two_slots_free	PASS	block-IQ	none			0		
src.cpu.pyo3.pymtl3.o3-block-tests.IQ.test_mem_iq_cl_adr0033.TestBatchedDispatch::test_batched_dispatch_store_creates_sta_and_std_entries	PASS	block-IQ	none			0		
src.cpu.pyo3.pymtl3.o3-block-tests.IQ.test_mem_iq_cl_adr0033.TestBatchedDispatch::test_batched_dispatch_store_needs_two_free_slots	PASS	block-IQ	none			0		
src.cpu.pyo3.pymtl3.o3-block-tests.IQ.test_mem_iq_cl_adr0033.TestBatchedDispatch::test_batched_dispatch_store_returns_one_index	PASS	block-IQ	none			0		
src.cpu.pyo3.pymtl3.o3-block-tests.IQ.test_mem_iq_cl_adr0033.TestBatchedDispatch::test_batched_dispatch_two_loads_returns_two_indices	PASS	block-IQ	none			0		
src.cpu.pyo3.pymtl3.o3-block-tests.IQ.test_mem_iq_cl_adr0033.TestEntryFields::test_lda_entry_fields_initialized_to_zero	PASS	block-IQ	none			0		
src.cpu.pyo3.pymtl3.o3-block-tests.IQ.test_mem_iq_cl_adr0033.TestEntryFields::test_lda_entry_has_adr0033_fields_after_dispatch	PASS	block-IQ	none			0		
src.cpu.pyo3.pymtl3.o3-block-tests.IQ.test_mem_iq_cl_adr0033.TestEntryFields::test_sta_entry_has_adr0033_fields_after_dispatch	PASS	block-IQ	none			0		
src.cpu.pyo3.pymtl3.o3-block-tests.IQ.test_mem_iq_cl_adr0033.TestFuEarlyComplete::test_fu_early_complete_broadcasts_consumer_mask	PASS	block-IQ	none			0		
src.cpu.pyo3.pymtl3.o3-block-tests.IQ.test_mem_iq_cl_adr0033.TestFuEarlyComplete::test_fu_early_complete_sets_acked_mask	PASS	block-IQ	none			0		
src.cpu.pyo3.pymtl3.o3-block-tests.IQ.test_mem_iq_cl_adr0033.TestFuEarlyComplete::test_fu_early_complete_snapshots_last_ack_mask	PASS	block-IQ	none			0		
src.cpu.pyo3.pymtl3.o3-block-tests.IQ.test_mem_iq_cl_adr0033.TestFuEarlyComplete::test_fu_real_complete_after_early_complete_only_broadcasts_unacked	PASS	block-IQ	none			0		
src.cpu.pyo3.pymtl3.o3-block-tests.IQ.test_mem_iq_cl_adr0033.TestFuNack::test_fu_nack_broadcasts_last_ack_mask	PASS	block-IQ	none			0		
src.cpu.pyo3.pymtl3.o3-block-tests.IQ.test_mem_iq_cl_adr0033.TestFuNack::test_fu_nack_clears_acked_mask	PASS	block-IQ	none			0		
src.cpu.pyo3.pymtl3.o3-block-tests.IQ.test_mem_iq_cl_adr0033.TestFuNack::test_fu_nack_uses_last_ack_mask_not_current	PASS	block-IQ	none			0		
src.cpu.pyo3.pymtl3.o3-block-tests.IQ.test_mem_iq_cl_adr0033.TestFuRealComplete::test_fu_real_complete_broadcasts_wakeup_mask	PASS	block-IQ	none			0		
src.cpu.pyo3.pymtl3.o3-block-tests.IQ.test_mem_iq_cl_adr0033.TestFuRealComplete::test_fu_real_complete_deallocates_lda_entry	PASS	block-IQ	none			0		
src.cpu.pyo3.pymtl3.o3-block-tests.IQ.test_mem_iq_cl_adr0033.TestFuRealComplete::test_fu_real_complete_excludes_acked_mask	PASS	block-IQ	none			0		
src.cpu.pyo3.pymtl3.o3-block-tests.IQ.test_mem_iq_cl_adr0033.TestIssuedField::test_fu_real_complete_clears_issued_field_lda	PASS	block-IQ	none			0		
src.cpu.pyo3.pymtl3.o3-block-tests.IQ.test_mem_iq_cl_adr0033.TestIssuedField::test_fu_real_complete_on_sta_std_is_noop	PASS	block-IQ	none			0		
src.cpu.pyo3.pymtl3.o3-block-tests.IQ.test_mem_iq_cl_adr0033.TestIssuedField::test_lda_marked_issued_not_deallocated_at_issue	PASS	block-IQ	none			0		
src.cpu.pyo3.pymtl3.o3-block-tests.IQ.test_mem_iq_cl_adr0033.TestIssuedField::test_select_skips_issued_lda_entries	PASS	block-IQ	none			0		
src.cpu.pyo3.pymtl3.o3-block-tests.IQ.test_mem_iq_cl_adr0033.TestIssuedField::test_sta_deallocated_at_issue	PASS	block-IQ	none			0		
src.cpu.pyo3.pymtl3.o3-block-tests.IQ.test_mem_iq_cl_adr0033.TestIssuedField::test_std_deallocated_at_issue	PASS	block-IQ	none			0		
src.cpu.pyo3.pymtl3.o3-block-tests.IQ.test_mem_iq_cl_adr0033.TestLazySquash::test_squashed_unready_lda_entry_stays_in_iq	PASS	block-IQ	none			0		
src.cpu.pyo3.pymtl3.o3-block-tests.IQ.test_mem_iq_cl_adr0033.TestLazySquash::test_sre_shadow_dispatching_state_not_squashed	PASS	block-IQ	none			0		
src.cpu.pyo3.pymtl3.o3-block-tests.IQ.test_mem_iq_cl_adr0033.TestLazySquash::test_sre_shadow_squashing_state_detected	PASS	block-IQ	none			0		
src.cpu.pyo3.pymtl3.o3-block-tests.IQ.test_mem_iq_cl_adr0033.TestLegacyRemoved::test_pending_wakeup_dests_attribute_removed	PASS	block-IQ	none			0		
src.cpu.pyo3.pymtl3.o3-block-tests.IQ.test_mem_iq_cl_adr0033.TestLegacyRemoved::test_state_depend_graph_attribute_removed	PASS	block-IQ	none			0		
src.cpu.pyo3.pymtl3.o3-block-tests.IQ.test_mem_iq_cl_adr0033.TestLegacyRemoved::test_wb_wake_destreg_attribute_removed	PASS	block-IQ	none			0		
src.cpu.pyo3.pymtl3.o3-block-tests.IQ.test_mem_iq_cl_adr0033.TestWbNack::test_wb_nack_increments_pending_src_count	PASS	block-IQ	none			0		
src.cpu.pyo3.pymtl3.o3-block-tests.IQ.test_mem_iq_cl_adr0033.TestWbNack::test_wb_nack_only_affects_matching_entries	PASS	block-IQ	none			0		
src.cpu.pyo3.pymtl3.o3-block-tests.IQ.test_mem_iq_cl_adr0033.TestWbWakeup::test_wb_wakeup_decrements_pending_src_count	PASS	block-IQ	none			0		
src.cpu.pyo3.pymtl3.o3-block-tests.IQ.test_mem_iq_cl_adr0033.TestWbWakeup::test_wb_wakeup_no_match_leaves_unchanged	PASS	block-IQ	none			0		
src.cpu.pyo3.pymtl3.o3-block-tests.IQ.test_mem_iq_cl_adr0033.TestWbWakeup::test_wb_wakeup_only_affects_matching_entries	PASS	block-IQ	none			0		
src.cpu.pyo3.pymtl3.o3-block-tests.IQ.test_mem_iq_cl_adr0033.TestWbWakeup::test_wb_wakeup_sets_all_srcs_ready_when_count_reaches_zero	PASS	block-IQ	none			0		
src.cpu.pyo3.pymtl3.o3-block-tests.IQ.test_params_cluster_base::test_cluster_base_branch_is_36	PASS	block-IQ	none			0		
src.cpu.pyo3.pymtl3.o3-block-tests.IQ.test_params_cluster_base::test_cluster_base_float_is_44	PASS	block-IQ	none			0		
src.cpu.pyo3.pymtl3.o3-block-tests.IQ.test_params_cluster_base::test_cluster_base_for_branch	PASS	block-IQ	none			0		
src.cpu.pyo3.pymtl3.o3-block-tests.IQ.test_params_cluster_base::test_cluster_base_for_float	PASS	block-IQ	none			0		
src.cpu.pyo3.pymtl3.o3-block-tests.IQ.test_params_cluster_base::test_cluster_base_for_int	PASS	block-IQ	none			0		
src.cpu.pyo3.pymtl3.o3-block-tests.IQ.test_params_cluster_base::test_cluster_base_for_mem	PASS	block-IQ	none			0		
src.cpu.pyo3.pymtl3.o3-block-tests.IQ.test_params_cluster_base::test_cluster_base_for_vector	PASS	block-IQ	none			0		
src.cpu.pyo3.pymtl3.o3-block-tests.IQ.test_params_cluster_base::test_cluster_base_int_is_0	PASS	block-IQ	none			0		
src.cpu.pyo3.pymtl3.o3-block-tests.IQ.test_params_cluster_base::test_cluster_base_mem_is_24	PASS	block-IQ	none			0		
src.cpu.pyo3.pymtl3.o3-block-tests.IQ.test_params_cluster_base::test_cluster_base_unknown_raises	PASS	block-IQ	none			0		
src.cpu.pyo3.pymtl3.o3-block-tests.IQ.test_params_cluster_base::test_cluster_base_vector_is_56	PASS	block-IQ	none			0		
src.cpu.pyo3.pymtl3.o3-block-tests.IQ.test_params_cluster_base::test_dispatch_cl_has_no_local_cluster_base_dict	PASS	block-IQ	none			0		
src.cpu.pyo3.pymtl3.o3-block-tests.IQ.test_params_cluster_base::test_iq_cl_has_no_local_cluster_base_constants	PASS	block-IQ	none			0		
test_lq_core_cl.TestADR0019Ports::test_dcache_load_pa_req_caller_ifc_exists	PASS	block-LQCore	none			0		
test_lq_core_cl.TestADR0019Ports::test_dcache_load_pa_req_fires_on_translated	PASS	block-LQCore	none			0		
test_lq_core_cl.TestADR0019Ports::test_dcache_req_removed	PASS	block-LQCore	none			0		
test_lq_core_cl.TestCommitLoads::test_commit_loads_advances_head	PASS	block-LQCore	none			0		
test_lq_core_cl.TestCommitLoads::test_commit_loads_all_entries	PASS	block-LQCore	none			0		
test_lq_core_cl.TestCommitLoads::test_commit_loads_callee_ifc_exists	PASS	block-LQCore	none			0		
test_lq_core_cl.TestCommitLoads::test_commit_loads_no_entries_above_threshold	PASS	block-LQCore	none			0		
test_lq_core_cl.TestCommitLoads::test_commit_loads_per_thread	PASS	block-LQCore	none			0		
test_lq_core_cl.TestCommitLoads::test_commit_loads_pops_head_entries_with_seqnum_le_threshold	PASS	block-LQCore	none			0		
test_lq_core_cl.TestDCacheResp::test_dcache_resp_completes_load	PASS	block-LQCore	none			0		
test_lq_core_cl.TestDependentsUpdate::test_dependents_update_callee_ifc_exists	PASS	block-LQCore	none			0		
test_lq_core_cl.TestDependentsUpdate::test_dependents_update_decrements_pending_producers	PASS	block-LQCore	none			0		
test_lq_core_cl.TestDependentsUpdate::test_dependents_update_does_not_decrement_below_zero	PASS	block-LQCore	none			0		
test_lq_core_cl.TestDependentsUpdate::test_dependents_update_passes_sq_idx_and_bitvector	PASS	block-LQCore	none			0		
test_lq_core_cl.TestDependentsUpdate::test_dependents_update_skips_non_matching_lq_idx	PASS	block-LQCore	none			0		
test_lq_core_cl.TestDependentsUpdate::test_dependents_update_unstalls_when_counter_reaches_zero	PASS	block-LQCore	none			0		
test_lq_core_cl.TestDependentsUpdate::test_insert_clears_pending_producers	PASS	block-LQCore	none			0		
test_lq_core_cl.TestDependentsUpdate::test_load_gated_when_pending_producers_positive	PASS	block-LQCore	none			0		
test_lq_core_cl.TestDependentsUpdate::test_load_not_gated_when_pending_producers_zero	PASS	block-LQCore	none			0		
test_lq_core_cl.TestDependentsUpdate::test_lq_entry_has_pending_producers_field	PASS	block-LQCore	none			0		
test_lq_core_cl.TestDependentsUpdate::test_multiple_producers_require_multiple_broadcasts	PASS	block-LQCore	none			0		
test_lq_core_cl.TestFSMTranslated::test_dcache_req_caller_ifc_exists	PASS	block-LQCore	none			0		
test_lq_core_cl.TestFSMTranslated::test_translated_to_waiting_resp	PASS	block-LQCore	none			0		
test_lq_core_cl.TestFSMTranslated::test_waiting_resp_to_complete_on_dcache_resp	PASS	block-LQCore	none			0		
test_lq_core_cl.TestInsert::test_insert_adds_entry	PASS	block-LQCore	none			0		
test_lq_core_cl.TestInterfaces::test_callee_ports_exist	PASS	block-LQCore	none			0		
test_lq_core_cl.TestInterfaces::test_caller_ports_exist	PASS	block-LQCore	none			0		
test_lq_core_cl.TestLoadOnLoadViolation::test_load_completion_no_violation_without_flag	PASS	block-LQCore	none			0		
test_lq_core_cl.TestLoadOnLoadViolation::test_load_completion_no_violation_without_overlap	PASS	block-LQCore	none			0		
test_lq_core_cl.TestLoadOnLoadViolation::test_load_completion_scans_older_entries	PASS	block-LQCore	none			0		
test_lq_core_cl.TestLoadOnLoadViolation::test_load_on_load_violation_dropped_if_already_valid	PASS	block-LQCore	none			0		
test_lq_core_cl.TestLoadOnLoadViolation::test_load_on_load_violation_sticky_until_ack	PASS	block-LQCore	none			0		
test_lq_core_cl.TestLoadOnLoadViolation::test_possible_load_violation_flag_exists	PASS	block-LQCore	none			0		
test_lq_core_cl.TestLoadOnLoadViolation::test_snoop_inv_cache_block_aligned_overlap	PASS	block-LQCore	none			0		
test_lq_core_cl.TestLoadOnLoadViolation::test_snoop_inv_callee_ifc_exists	PASS	block-LQCore	none			0		
test_lq_core_cl.TestLoadOnLoadViolation::test_snoop_inv_no_match_no_flag	PASS	block-LQCore	none			0		
test_lq_core_cl.TestLoadOnLoadViolation::test_snoop_inv_sets_possible_load_violation	PASS	block-LQCore	none			0		
test_lq_core_cl.TestLoadOnLoadViolation::test_snoop_inv_skips_completed_loads	PASS	block-LQCore	none			0		
test_lq_core_cl.TestLoadOnLoadViolation::test_snoop_inv_skips_untranslated_loads	PASS	block-LQCore	none			0		
test_lq_core_cl.TestMultiThreadInsert::test_construct_accepts_max_threads_param	PASS	block-LQCore	none			0		
test_lq_core_cl.TestMultiThreadInsert::test_default_max_threads_is_one_backward_compat	PASS	block-LQCore	none			0		
test_lq_core_cl.TestMultiThreadInsert::test_insert_tid0_uses_partition0	PASS	block-LQCore	none			0		
test_lq_core_cl.TestMultiThreadInsert::test_insert_tid1_uses_partition1	PASS	block-LQCore	none			0		
test_lq_core_cl.TestMultiThreadInsert::test_violation_state_per_thread	PASS	block-LQCore	none			0		
test_lq_core_cl.TestPartialForwardingStall::test_full_forward_does_not_stall	PASS	block-LQCore	none			0		
test_lq_core_cl.TestPartialForwardingStall::test_no_forward_does_not_stall	PASS	block-LQCore	none			0		
test_lq_core_cl.TestPartialForwardingStall::test_partial_forward_sets_stalled_flag	PASS	block-LQCore	none			0		
test_lq_core_cl.TestPartialForwardingStall::test_store_complete_notify_callee_ifc_exists	PASS	block-LQCore	none			0		
test_lq_core_cl.TestPartialForwardingStall::test_store_complete_notify_does_not_unstall_non_matching	PASS	block-LQCore	none			0		
test_lq_core_cl.TestPartialForwardingStall::test_store_complete_notify_unstalls_matching_load	PASS	block-LQCore	none			0		
test_lq_core_cl.TestPartialForwardingStall::test_unstalled_load_reruns_stage_b_forward	PASS	block-LQCore	none			0		
test_lq_core_cl.TestReset::test_after_reset_all_empty	PASS	block-LQCore	none			0		
test_lq_core_cl.TestReset::test_after_reset_fsm_idle	PASS	block-LQCore	none			0		
test_lq_core_cl.TestSetPhysAddr::test_set_phys_addr_sets_eff_addr_valid	PASS	block-LQCore	none			0		
test_lq_core_cl.TestSnoopReExec::test_snoop_reexec_clears_ll_sc_reservation_on_is_lr	PASS	block-LQCore	none			0		
test_lq_core_cl.TestSnoopReExec::test_snoop_reexec_no_dtlb_retrigger	PASS	block-LQCore	none			0		
test_lq_core_cl.TestSnoopReExec::test_snoop_reexec_reissues_dcache_load_pa_req	PASS	block-LQCore	none			0		
test_lq_core_cl.TestSnoopReExec::test_snoop_reexec_skips_completed_loads	PASS	block-LQCore	none			0		
test_lq_core_cl.TestSnoopReExec::test_snoop_reexec_skips_non_overlapping	PASS	block-LQCore	none			0		
test_lq_core_cl.TestSnoopReExec::test_snoop_reexec_tso_force_squash_younger_loads	PASS	block-LQCore	none			0		
test_lq_core_cl.TestSplitSnoopScan::test_snoop_hit_frag0_only_triggers_reexec	PASS	block-LQCore	none			0		
test_lq_core_cl.TestSplitSnoopScan::test_snoop_hit_frag1_only_triggers_reexec	PASS	block-LQCore	none			0		
test_lq_core_cl.TestSplitSnoopScan::test_snoop_no_hit_no_reexec	PASS	block-LQCore	none			0		
test_lq_core_cl.TestSplitSnoopScan::test_split_snoop_reexec_reissues_both_fragments	PASS	block-LQCore	none			0		
test_lq_core_cl.TestSplitUnalignedDCacheAccess::test_both_responses_merge_and_complete	PASS	block-LQCore	none			0		
test_lq_core_cl.TestSplitUnalignedDCacheAccess::test_frag0_response_stored_separately	PASS	block-LQCore	none			0		
test_lq_core_cl.TestSplitUnalignedDCacheAccess::test_frag1_response_stored_separately	PASS	block-LQCore	none			0		
test_lq_core_cl.TestSplitUnalignedDCacheAccess::test_fragment_flags_reset_after_merge	PASS	block-LQCore	none			0		
test_lq_core_cl.TestSplitUnalignedDCacheAccess::test_lq_entry_has_frag0_fields	PASS	block-LQCore	none			0		
test_lq_core_cl.TestSplitUnalignedDCacheAccess::test_lq_entry_has_frag1_fields	PASS	block-LQCore	none			0		
test_lq_core_cl.TestSplitUnalignedDCacheAccess::test_merge_order_independent	PASS	block-LQCore	none			0		
test_lq_core_cl.TestSplitUnalignedDCacheAccess::test_non_split_load_issues_single_dcache_request	PASS	block-LQCore	none			0		
test_lq_core_cl.TestSplitUnalignedDCacheAccess::test_partial_fault_frag0_priority	PASS	block-LQCore	none			0		
test_lq_core_cl.TestSplitUnalignedDCacheAccess::test_partial_fault_frag1_when_frag0_ok	PASS	block-LQCore	none			0		
test_lq_core_cl.TestSplitUnalignedDCacheAccess::test_split_load_issues_two_dcache_requests	PASS	block-LQCore	none			0		
test_lq_core_cl.TestSplitUnalignedDCacheAccess::test_split_load_sets_waiting_split_resp_fsm	PASS	block-LQCore	none			0		
test_lq_core_cl.TestStrictlyOrdered::test_strictly_ordered_flag_exists	PASS	block-LQCore	none			0		
test_lq_core_cl.TestStrictlyOrdered::test_strictly_ordered_insert	PASS	block-LQCore	none			0		
test_lq_core_cl.TestStrictlyOrderedLoad::test_normal_load_not_at_head_proceeds	PASS	block-LQCore	none			0		
test_lq_core_cl.TestStrictlyOrderedLoad::test_strictly_ordered_at_head_proceeds	PASS	block-LQCore	none			0		
test_lq_core_cl.TestStrictlyOrderedLoad::test_strictly_ordered_not_at_head_polls_internally	PASS	block-LQCore	none			0		
test_lq_core_cl.TestStrictlyOrderedLoad::test_strictly_ordered_not_at_head_visible_to_snoop	PASS	block-LQCore	none			0		
test_lq_core_cl.TestStrictlyOrderedLoad::test_strictly_ordered_not_at_head_visible_to_violation	PASS	block-LQCore	none			0		
test_lq_core_cl.TestStrictlyOrderedLoad::test_strictly_ordered_polls_internally	PASS	block-LQCore	none			0		
test_lq_core_cl.TestTLBIStaleRetranslation::test_has_stale_method_exists	PASS	block-LQCore	none			0		
test_lq_core_cl.TestTLBIStaleRetranslation::test_has_stale_per_thread	PASS	block-LQCore	none			0		
test_lq_core_cl.TestTLBIStaleRetranslation::test_has_stale_returns_false_when_no_stale_entries	PASS	block-LQCore	none			0		
test_lq_core_cl.TestTLBIStaleRetranslation::test_has_stale_returns_true_when_stale_entries_exist	PASS	block-LQCore	none			0		
test_lq_core_cl.TestTLBIStaleRetranslation::test_lq_entry_has_stale_translation_field	PASS	block-LQCore	none			0		
test_lq_core_cl.TestTLBIStaleRetranslation::test_lq_entry_has_vaddr_field	PASS	block-LQCore	none			0		
test_lq_core_cl.TestTLBIStaleRetranslation::test_non_stale_entry_does_not_trigger_translate_req	PASS	block-LQCore	none			0		
test_lq_core_cl.TestTLBIStaleRetranslation::test_stale_entry_triggers_translate_req	PASS	block-LQCore	none			0		
test_lq_core_cl.TestTLBIStaleRetranslation::test_stale_flag_cleared_on_dcache_resp	PASS	block-LQCore	none			0		
test_lq_core_cl.TestTLBIStaleRetranslation::test_tlbi_inv_callee_ifc_exists	PASS	block-LQCore	none			0		
test_lq_core_cl.TestTLBIStaleRetranslation::test_tlbi_inv_is_per_thread	PASS	block-LQCore	none			0		
test_lq_core_cl.TestTLBIStaleRetranslation::test_tlbi_inv_marks_inflight_entry_stale	PASS	block-LQCore	none			0		
test_lq_core_cl.TestTLBIStaleRetranslation::test_tlbi_inv_skips_completed_loads	PASS	block-LQCore	none			0		
test_lq_core_cl.TestTLBIStaleRetranslation::test_tlbi_inv_skips_untranslated_loads	PASS	block-LQCore	none			0		
test_lq_core_cl.TestTLBIStaleRetranslation::test_translate_req_caller_ifc_exists	PASS	block-LQCore	none			0		
test_lq_core_cl.TestViolationCheck::test_no_violation_on_different_addr	PASS	block-LQCore	none			0		
test_lq_core_cl.TestViolationCheck::test_violation_detected_on_overlap	PASS	block-LQCore	none			0		
test_lq_core_cl.TestViolationPayload::test_violation_ack_callee_ifc_exists	PASS	block-LQCore	none			0		
test_lq_core_cl.TestViolationPayload::test_violation_dropped_if_already_valid	PASS	block-LQCore	none			0		
test_lq_core_cl.TestViolationPayload::test_violation_sticky_until_ack	PASS	block-LQCore	none			0		
test_lq_core_cl_adr0033_l1_shift_reg.TestL1SpeculationShiftRegisterADR0033::test_execute_load_pushes_to_l1_shift_register	PASS	block-LQCore	none			0		
test_lq_core_cl_adr0033_l1_shift_reg.TestL1SpeculationShiftRegisterADR0033::test_l1_shift_register_default_depth_matches_params	PASS	block-LQCore	none			0		
test_lq_core_cl_adr0033_l1_shift_reg.TestL1SpeculationShiftRegisterADR0033::test_l1_shift_register_depth_is_l1_lat_minus_iss_lat	PASS	block-LQCore	none			0		
test_lq_core_cl_adr0033_l1_shift_reg.TestL1SpeculationShiftRegisterADR0033::test_l1_shift_register_pop_fires_fu_early_complete	PASS	block-LQCore	none			0		
test_lq_core_cl_adr0033_l1_shift_reg.TestL1SpeculationShiftRegisterADR0033::test_l1_shift_register_release_after_pop	PASS	block-LQCore	none			0		
test_lq_core_cl_adr0033_l1_shift_reg.TestL1SpeculationShiftRegisterADR0033::test_lq_core_exposes_l1_shift_register_state	PASS	block-LQCore	none			0		
test_lq_core_cl_adr0033_l2_shift_reg.TestL2SpeculationShiftRegisterADR0033::test_l2_shift_register_default_depth_matches_params	PASS	block-LQCore	none			0		
test_lq_core_cl_adr0033_l2_shift_reg.TestL2SpeculationShiftRegisterADR0033::test_l2_shift_register_depth_is_l2_lat_minus_iss_lat	PASS	block-LQCore	none			0		
test_lq_core_cl_adr0033_l2_shift_reg.TestL2SpeculationShiftRegisterADR0033::test_l2_shift_register_pop_fires_fu_early_complete	PASS	block-LQCore	none			0		
test_lq_core_cl_adr0033_l2_shift_reg.TestL2SpeculationShiftRegisterADR0033::test_l2_shift_register_push_persists_payload	PASS	block-LQCore	none			0		
test_lq_core_cl_adr0033_l2_shift_reg.TestL2SpeculationShiftRegisterADR0033::test_l2_shift_register_release_after_pop	PASS	block-LQCore	none			0		
test_lq_core_cl_adr0033_l2_shift_reg.TestL2SpeculationShiftRegisterADR0033::test_lq_core_exposes_l2_shift_register_state	PASS	block-LQCore	none			0		
test_lq_core_cl_f33_shift_cancel_ordering.TestF33ShiftCancelOrdering::test_l1_shift_pop_silent_on_completion_cancel	PASS	block-LQCore	none			0		
test_lq_core_cl_f33_shift_cancel_ordering.TestF33ShiftCancelOrdering::test_l2_shift_pop_silent_on_completion_cancel	PASS	block-LQCore	none			0		
test_lsq_parent_cl.TestADR0017::test_store_set_violation_fires_on_violation_detection	PASS	block-LSQParent	none			0		
test_lsq_parent_cl.TestADR0017::test_violation_signal_still_fires	PASS	block-LSQParent	none			0		
test_lsq_parent_cl.TestADR0029FenceViaLsqEntries::test_fence_complete_marks_lq_fence_entry_completed	PASS	block-LSQParent	none			0		
test_lsq_parent_cl.TestADR0029FenceViaLsqEntries::test_fence_complete_marks_sq_fence_entry_completed	PASS	block-LSQParent	none			0		
test_lsq_parent_cl.TestADR0029FenceViaLsqEntries::test_fence_complete_unblocks_barred_load	PASS	block-LSQParent	none			0		
test_lsq_parent_cl.TestADR0029FenceViaLsqEntries::test_full_fence_allocates_both_lq_and_sq_entries	PASS	block-LSQParent	none			0		
test_lsq_parent_cl.TestADR0029FenceViaLsqEntries::test_insert_load_accepts_is_fence_load_kwarg	PASS	block-LSQParent	none			0		
test_lsq_parent_cl.TestADR0029FenceViaLsqEntries::test_insert_store_accepts_is_fence_store_kwarg	PASS	block-LSQParent	none			0		
test_lsq_parent_cl.TestADR0029FenceViaLsqEntries::test_is_load_barred_false_when_no_fence_entries	PASS	block-LSQParent	none			0		
test_lsq_parent_cl.TestADR0029FenceViaLsqEntries::test_is_load_barred_scans_lq_fence_entries	PASS	block-LSQParent	none			0		
test_lsq_parent_cl.TestADR0029FenceViaLsqEntries::test_is_store_barred_false_when_no_fence_entries	PASS	block-LSQParent	none			0		
test_lsq_parent_cl.TestADR0029FenceViaLsqEntries::test_is_store_barred_scans_sq_fence_entries	PASS	block-LSQParent	none			0		
test_lsq_parent_cl.TestADR0029FenceViaLsqEntries::test_lq_entry_has_is_fence_load_field	PASS	block-LSQParent	none			0		
test_lsq_parent_cl.TestADR0029FenceViaLsqEntries::test_no_separate_barrier_sets_or_insert_fence	PASS	block-LSQParent	none			0		
test_lsq_parent_cl.TestADR0029FenceViaLsqEntries::test_sq_entry_has_is_fence_store_field	PASS	block-LSQParent	none			0		
test_lsq_parent_cl.TestAmoLqSqPair::test_amo_lq_forwards_from_different_seqnum_store	PASS	block-LSQParent	none			0		
test_lsq_parent_cl.TestAmoLqSqPair::test_amo_lq_skips_own_sq_goes_to_dcache	PASS	block-LSQParent	none			0		
test_lsq_parent_cl.TestAmoLqSqPair::test_is_atomic_defaults_false_on_lq_entry	PASS	block-LSQParent	none			0		
test_lsq_parent_cl.TestAmoLqSqPair::test_is_atomic_field_set_on_lq_entry	PASS	block-LSQParent	none			0		
test_lsq_parent_cl.TestAmoLqSqPair::test_normal_load_stalls_on_amo_sq	PASS	block-LSQParent	none			0		
test_lsq_parent_cl.TestCommitLoads::test_commit_loads_callee_ifc_exists	PASS	block-LSQParent	none			0		
test_lsq_parent_cl.TestCommitLoads::test_commit_loads_pops_lq_head_entries	PASS	block-LSQParent	none			0		
test_lsq_parent_cl.TestDependentLoadsIntegration::test_dependents_broadcast_wired_to_dependents_update	PASS	block-LSQParent	none			0		
test_lsq_parent_cl.TestDependentLoadsIntegration::test_end_to_end_load_stalls_until_producer_executes	PASS	block-LSQParent	none			0		
test_lsq_parent_cl.TestDependentLoadsIntegration::test_insert_load_no_producer_leaves_pending_producers_zero	PASS	block-LSQParent	none			0		
test_lsq_parent_cl.TestDependentLoadsIntegration::test_insert_load_sets_dependents_bit_on_producer_sq_entry	PASS	block-LSQParent	none			0		
test_lsq_parent_cl.TestDependentLoadsIntegration::test_insert_load_sets_pending_producers_when_producer_predicted	PASS	block-LSQParent	none			0		
test_lsq_parent_cl.TestDependentLoadsIntegration::test_squash_clears_dependents_on_sq_entries	PASS	block-LSQParent	none			0		
test_lsq_parent_cl.TestDependentLoadsIntegration::test_squash_clears_pending_producers_on_lq_entries	PASS	block-LSQParent	none			0		
test_lsq_parent_cl.TestDrainStatus::test_drain_done_exists	PASS	block-LSQParent	none			0		
test_lsq_parent_cl.TestDrainStatus::test_drain_done_when_empty	PASS	block-LSQParent	none			0		
test_lsq_parent_cl.TestDrainStatus::test_free_lq_entries_exists	PASS	block-LSQParent	none			0		
test_lsq_parent_cl.TestDrainStatus::test_free_lq_entries_when_empty	PASS	block-LSQParent	none			0		
test_lsq_parent_cl.TestDrainStatus::test_free_sq_entries_exists	PASS	block-LSQParent	none			0		
test_lsq_parent_cl.TestDrainStatus::test_has_stores_to_wb_exists	PASS	block-LSQParent	none			0		
test_lsq_parent_cl.TestDrainStatus::test_ic_drain_callee_ifc_exists	PASS	block-LSQParent	none			0		
test_lsq_parent_cl.TestEndToEndIntegration.TestSTA_STD_StoreDecomposition::test_execute_store_unified_removed	PASS	block-LSQParent	none			0		
test_lsq_parent_cl.TestEndToEndIntegration.TestSTA_STD_StoreDecomposition::test_forward_query_waiting_data_registers_dependency	PASS	block-LSQParent	none			0		
test_lsq_parent_cl.TestEndToEndIntegration.TestSTA_STD_StoreDecomposition::test_no_data_zero_forwarding_in_waiting_data	PASS	block-LSQParent	none			0		
test_lsq_parent_cl.TestEndToEndIntegration.TestSTA_STD_StoreDecomposition::test_sq_entry_has_data_valid_field	PASS	block-LSQParent	none			0		
test_lsq_parent_cl.TestEndToEndIntegration.TestSTA_STD_StoreDecomposition::test_sta_sets_fsm_to_waiting_data	PASS	block-LSQParent	none			0		
test_lsq_parent_cl.TestEndToEndIntegration.TestSTA_STD_StoreDecomposition::test_std_arrival_unstalls_dependent_load	PASS	block-LSQParent	none			0		
test_lsq_parent_cl.TestEndToEndIntegration.TestSTA_STD_StoreDecomposition::test_std_before_sta	PASS	block-LSQParent	none			0		
test_lsq_parent_cl.TestEndToEndIntegration.TestSTA_STD_StoreDecomposition::test_std_transitions_waiting_data_to_executed	PASS	block-LSQParent	none			0		
test_lsq_parent_cl.TestEndToEndIntegration::test_e2e_atomic_amo_lq_sq_pair	PASS	block-LSQParent	none			0		
test_lsq_parent_cl.TestEndToEndIntegration::test_e2e_cbo_as_store_via_parent	PASS	block-LSQParent	none			0		
test_lsq_parent_cl.TestEndToEndIntegration::test_e2e_commit_loads_via_parent	PASS	block-LSQParent	none			0		
test_lsq_parent_cl.TestEndToEndIntegration::test_e2e_data_prefetch_skip_cam	PASS	block-LSQParent	none			0		
test_lsq_parent_cl.TestEndToEndIntegration::test_e2e_dcache_resp_fifo	PASS	block-LSQParent	none			0		
test_lsq_parent_cl.TestEndToEndIntegration::test_e2e_dtlb_port_arbitration	PASS	block-LSQParent	none			0		
test_lsq_parent_cl.TestEndToEndIntegration::test_e2e_fence_barrier_gating	PASS	block-LSQParent	none			0		
test_lsq_parent_cl.TestEndToEndIntegration::test_e2e_fence_full_barrier_via_parent	PASS	block-LSQParent	none			0		
test_lsq_parent_cl.TestEndToEndIntegration::test_e2e_ic_drain_via_parent	PASS	block-LSQParent	none			0		
test_lsq_parent_cl.TestEndToEndIntegration::test_e2e_ignored_responses_counter	PASS	block-LSQParent	none			0		
test_lsq_parent_cl.TestEndToEndIntegration::test_e2e_ll_sc_reservation_set_path	PASS	block-LSQParent	none			0		
test_lsq_parent_cl.TestEndToEndIntegration::test_e2e_ll_sc_success	PASS	block-LSQParent	none			0		
test_lsq_parent_cl.TestEndToEndIntegration::test_e2e_load_on_load_violation_tso_force_squash_via_parent	PASS	block-LSQParent	none			0		
test_lsq_parent_cl.TestEndToEndIntegration::test_e2e_lsq_dep_check_shift	PASS	block-LSQParent	none			0		
test_lsq_parent_cl.TestEndToEndIntegration::test_e2e_multi_thread_independent	PASS	block-LSQParent	none			0		
test_lsq_parent_cl.TestEndToEndIntegration::test_e2e_multi_thread_smoke	PASS	block-LSQParent	none			0		
test_lsq_parent_cl.TestEndToEndIntegration::test_e2e_non_spec_gating	PASS	block-LSQParent	none			0		
test_lsq_parent_cl.TestEndToEndIntegration::test_e2e_predicated_false_fast_path	PASS	block-LSQParent	none			0		
test_lsq_parent_cl.TestEndToEndIntegration::test_e2e_sc_failure_fast_complete	PASS	block-LSQParent	none			0		
test_lsq_parent_cl.TestEndToEndIntegration::test_e2e_simple_load_completion	PASS	block-LSQParent	none			0		
test_lsq_parent_cl.TestEndToEndIntegration::test_e2e_simple_store_completion	PASS	block-LSQParent	none			0		
test_lsq_parent_cl.TestEndToEndIntegration::test_e2e_snoop_lr_clears_reservation_via_parent	PASS	block-LSQParent	none			0		
test_lsq_parent_cl.TestEndToEndIntegration::test_e2e_snoop_reexec_via_parent	PASS	block-LSQParent	none			0		
test_lsq_parent_cl.TestEndToEndIntegration::test_e2e_split_load_via_parent	PASS	block-LSQParent	none			0		
test_lsq_parent_cl.TestEndToEndIntegration::test_e2e_split_store_non_forwardable_via_parent	PASS	block-LSQParent	none			0		
test_lsq_parent_cl.TestEndToEndIntegration::test_e2e_split_store_via_parent	PASS	block-LSQParent	none			0		
test_lsq_parent_cl.TestEndToEndIntegration::test_e2e_squash_and_replay	PASS	block-LSQParent	none			0		
test_lsq_parent_cl.TestEndToEndIntegration::test_e2e_squashed_bypass	PASS	block-LSQParent	none			0		
test_lsq_parent_cl.TestEndToEndIntegration::test_e2e_store_backpressure_retry	PASS	block-LSQParent	none			0		
test_lsq_parent_cl.TestEndToEndIntegration::test_e2e_store_forwarding_to_load	PASS	block-LSQParent	none			0		
test_lsq_parent_cl.TestEndToEndIntegration::test_e2e_storeset_prediction_full_cycle	PASS	block-LSQParent	none			0		
test_lsq_parent_cl.TestEndToEndIntegration::test_e2e_strictly_ordered_internal_poll	PASS	block-LSQParent	none			0		
test_lsq_parent_cl.TestEndToEndIntegration::test_e2e_tlbi_empty_immediate_sync	PASS	block-LSQParent	none			0		
test_lsq_parent_cl.TestEndToEndIntegration::test_e2e_tlbi_full_flow	PASS	block-LSQParent	none			0		
test_lsq_parent_cl.TestEndToEndIntegration::test_e2e_violation_ack_handshake_via_parent	PASS	block-LSQParent	none			0		
test_lsq_parent_cl.TestEndToEndIntegration::test_e2e_violation_flow	PASS	block-LSQParent	none			0		
test_lsq_parent_cl.TestEndToEndIntegration::test_e2e_vipt_speculative_l1_load_via_parent	PASS	block-LSQParent	none			0		
test_lsq_parent_cl.TestEndToEndIntegration::test_e2e_zero_size_store_via_parent	PASS	block-LSQParent	none			0		
test_lsq_parent_cl.TestExecuteLoad::test_exec_load_processed_after_tick	PASS	block-LSQParent	none			0		
test_lsq_parent_cl.TestExecuteLoad::test_exec_load_sets_pending	PASS	block-LSQParent	none			0		
test_lsq_parent_cl.TestExecuteLoadStoreRefined::test_combined_insert_then_execute_load_preserves_size_vaddr	PASS	block-LSQParent	none			0		
test_lsq_parent_cl.TestExecuteLoadStoreRefined::test_combined_insert_then_execute_store_preserves_size_vaddr_data	PASS	block-LSQParent	none			0		
test_lsq_parent_cl.TestExecuteLoadStoreRefined::test_execute_load_does_not_allocate	PASS	block-LSQParent	none			0		
test_lsq_parent_cl.TestExecuteLoadStoreRefined::test_execute_load_preserves_dispatch_fields	PASS	block-LSQParent	none			0		
test_lsq_parent_cl.TestExecuteLoadStoreRefined::test_execute_load_writes_vaddr_size_to_entry	PASS	block-LSQParent	none			0		
test_lsq_parent_cl.TestExecuteLoadStoreRefined::test_execute_store_does_not_allocate	PASS	block-LSQParent	none			0		
test_lsq_parent_cl.TestExecuteLoadStoreRefined::test_execute_store_writes_vaddr_size_data_to_entry	PASS	block-LSQParent	none			0		
test_lsq_parent_cl.TestExecuteStore::test_exec_store_sets_pending	PASS	block-LSQParent	none			0		
test_lsq_parent_cl.TestInsertLoadStore::test_insert_load_populates_dispatch_fields	PASS	block-LSQParent	none			0		
test_lsq_parent_cl.TestInsertLoadStore::test_insert_load_returns_one_second	PASS	block-LSQParent	none			0		
test_lsq_parent_cl.TestInsertLoadStore::test_insert_load_returns_zero_first	PASS	block-LSQParent	none			0		
test_lsq_parent_cl.TestInsertLoadStore::test_insert_load_tid_partition	PASS	block-LSQParent	none			0		
test_lsq_parent_cl.TestInsertLoadStore::test_insert_store_populates_dispatch_fields	PASS	block-LSQParent	none			0		
test_lsq_parent_cl.TestInsertLoadStore::test_insert_store_returns_zero_first	PASS	block-LSQParent	none			0		
test_lsq_parent_cl.TestInterfaces::test_external_callee_ports_exist	PASS	block-LSQParent	none			0		
test_lsq_parent_cl.TestInterfaces::test_external_caller_ports_exist	PASS	block-LSQParent	none			0		
test_lsq_parent_cl.TestInterfaces::test_stale_interfaces_removed	PASS	block-LSQParent	none			0		
test_lsq_parent_cl.TestLLSCWiring::test_clear_reservation_callee_ifc_exists_on_sq_store	PASS	block-LSQParent	none			0		
test_lsq_parent_cl.TestLLSCWiring::test_ll_sc_clear_reservation_wired_in_parent	PASS	block-LSQParent	none			0		
test_lsq_parent_cl.TestMultiThread::test_construct_accepts_max_threads_param	PASS	block-LSQParent	none			0		
test_lsq_parent_cl.TestMultiThread::test_default_max_threads_is_one_backward_compat	PASS	block-LSQParent	none			0		
test_lsq_parent_cl.TestMultiThread::test_exec_load_tid0_allocates_in_partition0	PASS	block-LSQParent	none			0		
test_lsq_parent_cl.TestMultiThread::test_exec_load_tid1_allocates_in_partition1	PASS	block-LSQParent	none			0		
test_lsq_parent_cl.TestMultiThread::test_free_lq_entries_per_thread	PASS	block-LSQParent	none			0		
test_lsq_parent_cl.TestMultiThread::test_free_sq_entries_per_thread	PASS	block-LSQParent	none			0		
test_lsq_parent_cl.TestMultiThread::test_squash_tid0_does_not_invalidate_tid1	PASS	block-LSQParent	none			0		
test_lsq_parent_cl.TestMultiThread::test_state_lq_alloc_is_per_thread_array	PASS	block-LSQParent	none			0		
test_lsq_parent_cl.TestMultiThread::test_state_sq_alloc_is_per_thread_array	PASS	block-LSQParent	none			0		
test_lsq_parent_cl.TestMultiThread::test_subblocks_get_max_threads	PASS	block-LSQParent	none			0		
test_lsq_parent_cl.TestN1IssueStoreWiring::test_check_inst_returns_3_tuple	PASS	block-LSQParent	none			0		
test_lsq_parent_cl.TestN1IssueStoreWiring::test_check_inst_returns_ssid_after_violation_only	PASS	block-LSQParent	none			0		
test_lsq_parent_cl.TestN1IssueStoreWiring::test_check_inst_returns_valid_after_store_dispatch	PASS	block-LSQParent	none			0		
test_lsq_parent_cl.TestN1IssueStoreWiring::test_end_to_end_dependent_loads_setup_via_n1	PASS	block-LSQParent	none			0		
test_lsq_parent_cl.TestN1IssueStoreWiring::test_insert_store_stores_ssid_on_sq_entry	PASS	block-LSQParent	none			0		
test_lsq_parent_cl.TestN1IssueStoreWiring::test_populate_lfst_fires_at_dispatch	PASS	block-LSQParent	none			0		
test_lsq_parent_cl.TestN1IssueStoreWiring::test_populate_lfst_fires_for_non_spec_then_clear_lfst_at_translation	PASS	block-LSQParent	none			0		
test_lsq_parent_cl.TestN1IssueStoreWiring::test_populate_lfst_fires_once_at_dispatch	PASS	block-LSQParent	none			0		
test_lsq_parent_cl.TestN1IssueStoreWiring::test_sq_entry_has_ssid_field	PASS	block-LSQParent	none			0		
test_lsq_parent_cl.TestN2DecodeInfoAtInsert::test_execute_load_no_longer_takes_size_or_is_lr	PASS	block-LSQParent	none			0		
test_lsq_parent_cl.TestN2DecodeInfoAtInsert::test_execute_store_no_longer_takes_size	PASS	block-LSQParent	none			0		
test_lsq_parent_cl.TestN2DecodeInfoAtInsert::test_insert_load_mem_size_defaults_to_zero	PASS	block-LSQParent	none			0		
test_lsq_parent_cl.TestN2DecodeInfoAtInsert::test_insert_load_takes_mem_size_and_is_lr	PASS	block-LSQParent	none			0		
test_lsq_parent_cl.TestN2DecodeInfoAtInsert::test_insert_store_is_sc_defaults_to_false	PASS	block-LSQParent	none			0		
test_lsq_parent_cl.TestN2DecodeInfoAtInsert::test_insert_store_takes_mem_size_and_is_sc	PASS	block-LSQParent	none			0		
test_lsq_parent_cl.TestN2DecodeInfoAtInsert::test_sc_fast_complete_path_via_parent	PASS	block-LSQParent	none			0		
test_lsq_parent_cl.TestNonSpeculativeHandling::test_fence_complete_callee_ifc_exists	PASS	block-LSQParent	none			0		
test_lsq_parent_cl.TestNonSpeculativeHandling::test_insert_store_non_atomic_has_non_spec_false	PASS	block-LSQParent	none			0		
test_lsq_parent_cl.TestNonSpeculativeHandling::test_is_load_barred_blocks_younger_loads	PASS	block-LSQParent	none			0		
test_lsq_parent_cl.TestNonSpeculativeHandling::test_is_load_barred_false_when_no_barriers	PASS	block-LSQParent	none			0		
test_lsq_parent_cl.TestNonSpeculativeHandling::test_is_store_barred_blocks_younger_stores	PASS	block-LSQParent	none			0		
test_lsq_parent_cl.TestNonSpeculativeHandling::test_is_store_barred_false_when_no_barriers	PASS	block-LSQParent	none			0		
test_lsq_parent_cl.TestNonSpeculativeHandling::test_load_execute_stalled_by_barrier	PASS	block-LSQParent	none			0		
test_lsq_parent_cl.TestNonSpeculativeHandling::test_load_execute_unblocks_after_fence_complete	PASS	block-LSQParent	none			0		
test_lsq_parent_cl.TestNonSpeculativeHandling::test_nonSpecInstReady_callee_ifc_exists	PASS	block-LSQParent	none			0		
test_lsq_parent_cl.TestNonSpeculativeHandling::test_nonSpecInstReady_clears_sq_non_spec	PASS	block-LSQParent	none			0		
test_lsq_parent_cl.TestNonSpeculativeHandling::test_store_execute_stalled_by_barrier	PASS	block-LSQParent	none			0		
test_lsq_parent_cl.TestNonSpeculativeHandling::test_store_execute_unblocks_after_fence_complete	PASS	block-LSQParent	none			0		
test_lsq_parent_cl.TestParentDcacheResp::test_dcache_resp_lq_tag_forwards_to_lq_core	PASS	block-LSQParent	none			0		
test_lsq_parent_cl.TestParentDcacheResp::test_dcache_resp_sq_frag0_tag_calls_store_complete	PASS	block-LSQParent	none			0		
test_lsq_parent_cl.TestParentDcacheResp::test_dcache_resp_sq_frag1_tag_calls_store_complete_is_frag1	PASS	block-LSQParent	none			0		
test_lsq_parent_cl.TestParentDcacheResp::test_dcache_resp_sq_tag_reads_tid_from_sq_entry	PASS	block-LSQParent	none			0		
test_lsq_parent_cl.TestParentDcacheResp::test_parent_dcache_resp_callee_ifc_exists	PASS	block-LSQParent	none			0		
test_lsq_parent_cl.TestPerPortExecuteArrays::test_execute_load_rdy_false_when_all_slots_full	PASS	block-LSQParent	none			0		
test_lsq_parent_cl.TestPerPortExecuteArrays::test_execute_load_rdy_when_all_slots_free	PASS	block-LSQParent	none			0		
test_lsq_parent_cl.TestPerPortExecuteArrays::test_existing_single_load_still_works	PASS	block-LSQParent	none			0		
test_lsq_parent_cl.TestPerPortExecuteArrays::test_fence_barred_load_retries_next_cycle	PASS	block-LSQParent	none			0		
test_lsq_parent_cl.TestPerPortExecuteArrays::test_first_free_slot_reused_after_tick	PASS	block-LSQParent	none			0		
test_lsq_parent_cl.TestPerPortExecuteArrays::test_load_ports_capacity	PASS	block-LSQParent	none			0		
test_lsq_parent_cl.TestPerPortExecuteArrays::test_load_slot_dict_fields	PASS	block-LSQParent	none			0		
test_lsq_parent_cl.TestPerPortExecuteArrays::test_multiple_loads_accepted_per_cycle	PASS	block-LSQParent	none			0		
test_lsq_parent_cl.TestPerPortExecuteArrays::test_multiple_stores_accepted_per_cycle	PASS	block-LSQParent	none			0		
test_lsq_parent_cl.TestPerPortExecuteArrays::test_squashed_bypass_multiple_ports	PASS	block-LSQParent	none			0		
test_lsq_parent_cl.TestReset::test_after_reset_alloc_zero	PASS	block-LSQParent	none			0		
test_lsq_parent_cl.TestReset::test_after_reset_no_pending	PASS	block-LSQParent	none			0		
test_lsq_parent_cl.TestSplitAccess::test_split_field_exists_on_lq	PASS	block-LSQParent	none			0		
test_lsq_parent_cl.TestSplitAccess::test_split_field_exists_on_sq	PASS	block-LSQParent	none			0		
test_lsq_parent_cl.TestSplitFragmentCompletion::test_both_frags_complete_marks_eff_addr_valid	PASS	block-LSQParent	none			0		
test_lsq_parent_cl.TestSplitFragmentCompletion::test_frag0_translate_sets_frag0_valid_only	PASS	block-LSQParent	none			0		
test_lsq_parent_cl.TestSplitFragmentCompletion::test_frag1_then_frag0_also_completes	PASS	block-LSQParent	none			0		
test_lsq_parent_cl.TestSplitFragmentCompletion::test_frag1_translate_sets_frag1_valid_only	PASS	block-LSQParent	none			0		
test_lsq_parent_cl.TestSplitStore::test_non_split_store_has_none_split	PASS	block-LSQParent	none			0		
test_lsq_parent_cl.TestSplitStore::test_split_store_both_frags_complete	PASS	block-LSQParent	none			0		
test_lsq_parent_cl.TestSplitStore::test_split_store_crossing_page_boundary	PASS	block-LSQParent	none			0		
test_lsq_parent_cl.TestSplitStore::test_split_store_issues_two_dtlb_requests	PASS	block-LSQParent	none			0		
test_lsq_parent_cl.TestSplitUnaligned::test_non_split_load_has_none_split	PASS	block-LSQParent	none			0		
test_lsq_parent_cl.TestSplitUnaligned::test_non_split_load_issues_single_dtlb_request	PASS	block-LSQParent	none			0		
test_lsq_parent_cl.TestSplitUnaligned::test_split_field_exists_on_lq_entry	PASS	block-LSQParent	none			0		
test_lsq_parent_cl.TestSplitUnaligned::test_split_load_crossing_page_boundary	PASS	block-LSQParent	none			0		
test_lsq_parent_cl.TestSplitUnaligned::test_split_load_issues_two_dtlb_requests	PASS	block-LSQParent	none			0		
test_lsq_parent_cl.TestSquashHandling::test_ic_squash_callee_ifc_exists	PASS	block-LSQParent	none			0		
test_lsq_parent_cl.TestSquashHandling::test_squash_complete_caller_ifc_exists	PASS	block-LSQParent	none			0		
test_lsq_parent_cl.TestSquashHandling::test_squash_complete_pulses	PASS	block-LSQParent	none			0		
test_lsq_parent_cl.TestSquashHandling::test_squash_invalidates_lq_entries	PASS	block-LSQParent	none			0		
test_lsq_parent_cl.TestSquashedBypass::test_squashed_load_bypass	PASS	block-LSQParent	none			0		
test_lsq_parent_cl.TestSquashedBypass::test_squashed_load_does_not_set_eff_addr_valid	PASS	block-LSQParent	none			0		
test_lsq_parent_cl.TestSquashedBypass::test_squashed_load_entry_freed_by_squash_walk	PASS	block-LSQParent	none			0		
test_lsq_parent_cl.TestSquashedBypass::test_squashed_store_bypass	PASS	block-LSQParent	none			0		
test_lsq_parent_cl.TestSquashedBypass::test_squashed_store_does_not_set_canWB	PASS	block-LSQParent	none			0		
test_lsq_parent_cl.TestStatusSignalsM2::test_ldstq_count_after_insert_load	PASS	block-LSQParent	none			0		
test_lsq_parent_cl.TestStatusSignalsM2::test_ldstq_count_after_insert_store	PASS	block-LSQParent	none			0		
test_lsq_parent_cl.TestStatusSignalsM2::test_ldstq_count_combined	PASS	block-LSQParent	none			0		
test_lsq_parent_cl.TestStatusSignalsM2::test_ldstq_count_decreases_on_commit	PASS	block-LSQParent	none			0		
test_lsq_parent_cl.TestStatusSignalsM2::test_ldstq_count_zero_after_reset	PASS	block-LSQParent	none			0		
test_lsq_parent_cl.TestStatusSignalsM2::test_update_next_cycle_false_after_reset	PASS	block-LSQParent	none			0		
test_lsq_parent_cl.TestStatusSignalsM2::test_update_next_cycle_false_when_no_store_popped	PASS	block-LSQParent	none			0		
test_lsq_parent_cl.TestStatusSignalsM2::test_update_next_cycle_true_when_store_popped	PASS	block-LSQParent	none			0		
test_lsq_parent_cl.TestStoreCommit::test_commit_stores_forwards_to_sq_store	PASS	block-LSQParent	none			0		
test_lsq_parent_cl.TestStoreSetIntegration::test_insert_load_calls_check_inst	PASS	block-LSQParent	none			0		
test_lsq_parent_cl.TestStoreSetIntegration::test_store_set_subblock_exists	PASS	block-LSQParent	none			0		
test_lsq_parent_cl.TestStoreSetIntegration::test_violation_trains_store_set	PASS	block-LSQParent	none			0		
test_lsq_parent_cl.TestSubBlocks::test_dtlb_probe_exists	PASS	block-LSQParent	none			0		
test_lsq_parent_cl.TestSubBlocks::test_lq_core_exists	PASS	block-LSQParent	none			0		
test_lsq_parent_cl.TestSubBlocks::test_sq_store_exists	PASS	block-LSQParent	none			0		
test_lsq_parent_cl.TestTLBI::test_tlbi_inv_callee_ifc_exists	PASS	block-LSQParent	none			0		
test_lsq_parent_cl.TestTLBI::test_tlbi_sync_comp_caller_ifc_exists	PASS	block-LSQParent	none			0		
test_lsq_parent_cl.TestTLBISyncComp::test_tlbi_sync_comp_fires_after_tlbi_inv_resolves	PASS	block-LSQParent	none			0		
test_lsq_parent_cl.TestTranslationFault::test_no_fault_load_proceeds_normally	PASS	block-LSQParent	none			0		
test_lsq_parent_cl.TestTranslationFault::test_translation_fault_load_completes_with_fault	PASS	block-LSQParent	none			0		
test_lsq_parent_cl.TestTranslationFault::test_translation_fault_load_no_dcache_req	PASS	block-LSQParent	none			0		
test_lsq_parent_cl.TestTranslationFault::test_translation_fault_store_completes_with_fault	PASS	block-LSQParent	none			0		
test_lsq_parent_cl.TestTwoStageStoreWriteback::test_commit_stores_sets_canwb	PASS	block-LSQParent	none			0		
test_lsq_parent_cl.TestTwoStageStoreWriteback::test_parent_sq_commit_wired_to_commit_stores	PASS	block-LSQParent	none			0		
test_lsq_parent_cl.TestTwoStageStoreWriteback::test_store_writeback_not_directly_called	PASS	block-LSQParent	none			0		
test_lsq_parent_cl.TestTwoStageStoreWriteback::test_two_stage_pipeline_commit_then_writeback	PASS	block-LSQParent	none			0		
test_lsq_parent_cl.TestVaddrPropagation::test_execute_load_passes_vaddr_to_lq_insert	PASS	block-LSQParent	none			0		
test_lsq_parent_cl.TestVaddrPropagation::test_execute_store_passes_vaddr_to_sq_insert	PASS	block-LSQParent	none			0		
test_lsq_parent_cl.TestViolationAckParent::test_violation_ack_exists_on_parent	PASS	block-LSQParent	none			0		
test_lsq_parent_cl.TestViolationAckParent::test_violation_ack_forwards_to_lq_core	PASS	block-LSQParent	none			0		
test_lsq_parent_cl.TestWiringIntegration::test_execute_load_activates_dtlb_probe_in_flight	PASS	block-LSQParent	none			0		
test_lsq_parent_cl.TestWiringIntegration::test_execute_load_inserts_into_lq_via_wiring	PASS	block-LSQParent	none			0		
test_lsq_parent_cl.TestWiringIntegration::test_execute_store_activates_dtlb_probe_in_flight	PASS	block-LSQParent	none			0		
test_lsq_parent_cl.TestWiringIntegration::test_execute_store_inserts_into_sq_via_wiring	PASS	block-LSQParent	none			0		
test_lsq_parent_cl.TestWiringIntegration::test_lsq_execute_resp_delivered_with_separate_args	PASS	block-LSQParent	none			0		
test_lsq_parent_cl.TestWiringIntegration::test_store_set_violation_delivered_with_separate_args	PASS	block-LSQParent	none			0		
test_lsq_parent_cl.TestWiringIntegration::test_violation_signal_aliased_to_lq_core	PASS	block-LSQParent	none			0		
test_lsq_parent_cl.TestWiringIntegration::test_violation_signal_delivered_with_separate_args	PASS	block-LSQParent	none			0		
test_lsq_parent_cl_adr0033.TestExecuteLoadAcceptsClusterArgs::test_execute_load_accepts_cluster_id_kwarg	PASS	block-LSQParent	none			0		
test_lsq_parent_cl_adr0033.TestExecuteLoadAcceptsClusterArgs::test_execute_load_defaults_cluster_args_to_zero	PASS	block-LSQParent	none			0		
test_lsq_parent_cl_adr0033.TestExecuteLoadAcceptsClusterArgs::test_execute_load_writes_cluster_id_to_lq_entry	PASS	block-LSQParent	none			0		
test_lsq_parent_cl_adr0033.TestFuRealCompletePort::test_fu_real_complete_caller_ifc_exists	PASS	block-LSQParent	none			0		
test_lsq_parent_cl_adr0033.TestFuRealCompletePort::test_fu_real_complete_is_callable	PASS	block-LSQParent	none			0		
test_lsq_parent_cl_adr0033.TestNormalLDACompletionFiresFuRealComplete::test_normal_lda_fires_fu_real_complete_on_dcache_resp	PASS	block-LSQParent	none			0		
test_lsq_parent_cl_adr0033.TestNormalLDACompletionFiresFuRealComplete::test_normal_lda_no_fu_real_complete_before_dcache_resp	PASS	block-LSQParent	none			0		
test_lsq_parent_cl_adr0033.TestSquashedLDAFastPathQ13::test_squashed_lda_does_not_wait_for_dcache	PASS	block-LSQParent	none			0		
test_lsq_parent_cl_adr0033.TestSquashedLDAFastPathQ13::test_squashed_lda_fires_fu_real_complete_immediately	PASS	block-LSQParent	none			0		
test_lsq_parent_cl_adr0033.TestSquashedLDAFastPathQ13::test_squashed_lda_no_duplicate_fu_real_complete_at_completion	PASS	block-LSQParent	none			0		
test_lsq_parent_cl_adr0033.TestTranslationFaultLDAFiresFuRealComplete::test_translation_fault_lda_fires_fu_real_complete	PASS	block-LSQParent	none			0		
test_lsq_parent_cl_adr0033_l1_hit_cancel_l2.TestLSQParentL1HitCancelsL2::test_l1_hit_does_not_push_to_l2_shift_register	PASS	block-LSQParent	none			0		
test_lsq_parent_cl_adr0033_l1_hit_cancel_l2.TestLSQParentL1HitCancelsL2::test_l1_miss_pushes_to_l2_shift_register	PASS	block-LSQParent	none			0		
test_lsq_parent_cl_adr0033_l1_miss_nack.TestLSQParentL1MissFiresNack::test_l1_hit_does_not_fire_fu_nack	PASS	block-LSQParent	none			0		
test_lsq_parent_cl_adr0033_l1_miss_nack.TestLSQParentL1MissFiresNack::test_l1_miss_fires_fu_nack	PASS	block-LSQParent	none			0		
test_lsq_parent_cl_adr0033_l1_miss_nack.TestLSQParentL1MissFiresNack::test_translation_fault_does_not_fire_fu_nack	PASS	block-LSQParent	none			0		
test_lsq_parent_cl_adr0033_l1_push.TestLSQParentExecuteLoadPushesToL1ShiftRegister::test_execute_load_pushes_cluster_id_and_iq_local_id	PASS	block-LSQParent	none			0		
test_lsq_parent_cl_adr0033_l1_push.TestLSQParentExecuteLoadPushesToL1ShiftRegister::test_predicated_execute_load_does_not_push	PASS	block-LSQParent	none			0		
test_lsq_parent_cl_adr0033_l1_push.TestLSQParentExecuteLoadPushesToL1ShiftRegister::test_squashed_execute_load_does_not_push	PASS	block-LSQParent	none			0		
test_lsq_parent_cl_adr0033_l1_push.TestLSQParentL1ShiftRegisterParamForwarding::test_lsq_parent_accepts_l1_hit_lat_kwarg	PASS	block-LSQParent	none			0		
test_lsq_parent_cl_adr0033_l1_push.TestLSQParentL1ShiftRegisterParamForwarding::test_lsq_parent_accepts_l2_hit_lat_kwarg	PASS	block-LSQParent	none			0		
test_lsq_parent_cl_adr0033_l1_push.TestLSQParentL1ShiftRegisterParamForwarding::test_lsq_parent_default_l1_hit_lat_matches_params	PASS	block-LSQParent	none			0		
test_lsq_parent_cl_adr0033_l1_push.TestLSQParentL1ShiftRegisterPopFires::test_pop_fires_fu_early_complete_with_pushed_payload	PASS	block-LSQParent	none			0		
test_lsq_parent_cl_adr0033_l2_push.TestLSQParentL2ShiftRegisterPopFires::test_pop_fires_fu_early_complete_with_pushed_payload	PASS	block-LSQParent	none			0		
test_lsq_parent_cl_adr0033_l2_push.TestLSQParentTranslateResultPushesL2::test_translate_result_pushes_to_l2_shift_register	PASS	block-LSQParent	none			0		
test_lsq_parent_cl_adr0033_l2_push.TestLSQParentTranslateResultPushesL2::test_translation_fault_does_not_push_to_l2	PASS	block-LSQParent	none			0		
test_lsq_parent_cl_adr0033_primary.TestNormalLDACompletionFiresSbSetReg::test_normal_lda_fires_sb_setreg_on_dcache_resp	PASS	block-LSQParent	none			0		
test_lsq_parent_cl_adr0033_primary.TestNormalLDACompletionFiresSbSetReg::test_normal_lda_no_sb_setreg_before_dcache_resp	PASS	block-LSQParent	none			0		
test_lsq_parent_cl_adr0033_primary.TestSbSetRegInterface::test_sb_setreg_caller_ifc_exists	PASS	block-LSQParent	none			0		
test_lsq_parent_cl_adr0033_primary.TestSbSetRegInterface::test_sb_setreg_is_callable	PASS	block-LSQParent	none			0		
test_lsq_parent_cl_adr0033_primary.TestSquashedLDAFastPathSuppressesSbSetReg::test_squashed_lda_does_not_fire_sb_setreg	PASS	block-LSQParent	none			0		
test_lsq_parent_cl_adr0033_primary.TestSquashedLDAFastPathSuppressesSbSetReg::test_squashed_lda_still_fires_fu_real_complete	PASS	block-LSQParent	none			0		
test_lsq_parent_cl_adr0033_primary.TestTranslationFaultLDAFiresSbSetReg::test_translation_fault_lda_fires_sb_setreg	PASS	block-LSQParent	none			0		
test_lsq_parent_cl_adr0033_speculation.TestSpeculationInterface::test_fu_early_complete_alias_shares_lq_core_object	PASS	block-LSQParent	none			0		
test_lsq_parent_cl_adr0033_speculation.TestSpeculationInterface::test_fu_early_complete_is_callable	PASS	block-LSQParent	none			0		
test_lsq_parent_cl_adr0033_speculation.TestSpeculationInterface::test_fu_early_complete_port_exists	PASS	block-LSQParent	none			0		
test_lsq_parent_cl_adr0033_speculation.TestSpeculationInterface::test_fu_nack_alias_shares_lq_core_object	PASS	block-LSQParent	none			0		
test_lsq_parent_cl_adr0033_speculation.TestSpeculationInterface::test_fu_nack_is_callable	PASS	block-LSQParent	none			0		
test_lsq_parent_cl_adr0033_speculation.TestSpeculationInterface::test_fu_nack_port_exists	PASS	block-LSQParent	none			0		
test_lsq_parent_cl_adr0033_squash_force_ack.TestLSQParentSquashForceAckL1::test_squash_clears_l1_shift_reg_slot_silent_pop	PASS	block-LSQParent	none			0		
test_lsq_parent_cl_adr0033_squash_force_ack.TestLSQParentSquashForceAckL1::test_squash_does_not_fire_and_clears_l1_slot	PASS	block-LSQParent	none			0		
test_lsq_parent_cl_adr0033_squash_force_ack.TestLSQParentSquashForceAckL2::test_squash_clears_l2_shift_reg_slot_silent_pop	PASS	block-LSQParent	none			0		
test_lsq_parent_cl_adr0033_squash_force_ack.TestLSQParentSquashForceAckL2::test_squash_does_not_fire_and_clears_l2_slot	PASS	block-LSQParent	none			0		
test_lsq_parent_cl_adr0033_squash_force_ack.TestLSQParentSquashForceAckNegativeCases::test_squash_walks_only_matching_seqnum	PASS	block-LSQParent	none			0		
test_lsq_parent_cl_adr0033_squash_force_ack.TestLSQParentSquashForceAckNegativeCases::test_squash_with_empty_shift_regs_does_not_fire	PASS	block-LSQParent	none			0		
test_o3_control_cl.TestBackwardBusPropagation::test_backward_ctrl_in_forwards_to_commit	PASS	block-O3Control	none			0		
test_o3_control_cl.TestBackwardBusPropagation::test_rename_to_iew_accessible	PASS	block-O3Control	none			0		
test_o3_control_cl.TestBackwardBusPropagation::test_rob_empty_reaches_rename	PASS	block-O3Control	none			0		
test_o3_control_cl.TestBackwardBusPropagation::test_squash_reaches_rename	PASS	block-O3Control	none			0		
test_o3_control_cl.TestBackwardBusPropagation::test_squash_seqnum_reaches_rename	PASS	block-O3Control	none			0		
test_o3_control_cl.TestConstructionAndReset::test_commit_reset_running	PASS	block-O3Control	none			0		
test_o3_control_cl.TestConstructionAndReset::test_exported_interfaces_exist	PASS	block-O3Control	none			0		
test_o3_control_cl.TestConstructionAndReset::test_nested_sub_blocks_exist	PASS	block-O3Control	none			0		
test_o3_control_cl.TestConstructionAndReset::test_rename_reset_idle	PASS	block-O3Control	none			0		
test_o3_control_cl.TestConstructionAndReset::test_rob_reset_empty	PASS	block-O3Control	none			0		
test_o3_control_cl.TestConstructionAndReset::test_sub_blocks_exist	PASS	block-O3Control	none			0		
test_o3_control_cl.TestEndToEndRenameCommit::test_decode_from_forwards_to_rename	PASS	block-O3Control	none			0		
test_o3_control_cl.TestEndToEndRenameCommit::test_rob_commit_connection_exists	PASS	block-O3Control	none			0		
test_o3_control_cl.TestEndToEndRenameCommit::test_rob_insert_via_rename	PASS	block-O3Control	none			0		
test_o3_control_cl.TestSquashRecovery::test_fip_write_connection	PASS	block-O3Control	none			0		
test_o3_control_cl.TestSquashRecovery::test_iew_squash_sets_commit_rob_squashing	PASS	block-O3Control	none			0		
test_o3_control_cl.TestSquashRecovery::test_iew_squash_sets_commit_squash	PASS	block-O3Control	none			0		
test_o3_control_cl.TestSquashRecovery::test_squash_walk_bridge_initiated	PASS	block-O3Control	none			0		
test_o3_control_e2e.TestBackwardBus::test_backward_ctrl_in_merges_to_output	PASS	block-O3Control	none			0		
test_o3_control_e2e.TestBackwardBus::test_free_rob_entries_on_backward_bus	PASS	block-O3Control	none			0		
test_o3_control_e2e.TestBackwardBus::test_rob_empty_on_backward_bus	PASS	block-O3Control	none			0		
test_o3_control_e2e.TestCommitFlow::test_commit_frees_phys_reg	PASS	block-O3Control	none			0		
test_o3_control_e2e.TestCommitFlow::test_commit_retires_instruction	PASS	block-O3Control	none			0		
test_o3_control_e2e.TestCommitFlow::test_done_seqnum_on_backward_bus	PASS	block-O3Control	none			0		
test_o3_control_e2e.TestFIPWrite::test_fip_write_connection_active	PASS	block-O3Control	none			0		
test_o3_control_e2e.TestFIPWrite::test_fip_write_reaches_commit	PASS	block-O3Control	none			0		
test_o3_control_e2e.TestFaultTrap::test_fault_sets_trap_pending	PASS	block-O3Control	none			0		
test_o3_control_e2e.TestFaultTrap::test_trap_triggers_cpu_trap_call	PASS	block-O3Control	none			0		
test_o3_control_e2e.TestNonSpeculative::test_non_spec_broadcasts_seqnum	PASS	block-O3Control	none			0		
test_o3_control_e2e.TestNonSpeculative::test_non_spec_clears_can_commit	PASS	block-O3Control	none			0		
test_o3_control_e2e.TestROBInsert::test_multi_inst_insert	PASS	block-O3Control	none			0		
test_o3_control_e2e.TestROBInsert::test_rename_inserts_into_rob	PASS	block-O3Control	none			0		
test_o3_control_e2e.TestRenamePipeline::test_multi_inst_rename_bundle	PASS	block-O3Control	none			0		
test_o3_control_e2e.TestRenamePipeline::test_nop_renamed_to_iew_output	PASS	block-O3Control	none			0		
test_o3_control_e2e.TestRenamePipeline::test_rename_advances_running_state	PASS	block-O3Control	none			0		
test_o3_control_e2e.TestRenamePipeline::test_rename_to_iew_receives_output	PASS	block-O3Control	none			0		
test_o3_control_e2e.TestSMT::test_two_thread_rename	PASS	block-O3Control	none			0		
test_o3_control_e2e.TestSerializeBlock::test_block_signal_affects_rename	PASS	block-O3Control	none			0		
test_o3_control_e2e.TestSerializeBlock::test_serialize_before_stall	PASS	block-O3Control	none			0		
test_o3_control_e2e.TestSquashFlow::test_iew_squash_reaches_commit	PASS	block-O3Control	none			0		
test_o3_control_e2e.TestSquashFlow::test_iew_squash_sets_bc_rename_squash	PASS	block-O3Control	none			0		
test_o3_control_e2e.TestSquashFlow::test_squash_reaches_rename_via_backward_bus	PASS	block-O3Control	none			0		
test_o3_control_e2e.TestSquashFlow::test_squash_walk_bridge_activated	PASS	block-O3Control	none			0		
test_o3_control_e2e.TestSquashFlow::test_squash_with_instructions_in_flight	PASS	block-O3Control	none			0		
test_o3_control_e2e.TestWBUpdate::test_wb_sets_completed	PASS	block-O3Control	none			0		
test_phys_reg_file_cl.TestCCClassOmission::test_cc_class_omitted_when_zero	PASS	block-PhysRegFile	none			0		
test_phys_reg_file_cl.TestCCClassOmission::test_cc_class_present_when_nonzero	PASS	block-PhysRegFile	none			0		
test_phys_reg_file_cl.TestCCClassOmission::test_cc_read_returns_zero_when_omitted	PASS	block-PhysRegFile	none			0		
test_phys_reg_file_cl.TestDuplicateIndexAssertion::test_duplicate_index_different_classes_ok	PASS	block-PhysRegFile	none			0		
test_phys_reg_file_cl.TestDuplicateIndexAssertion::test_duplicate_index_same_class_raises	PASS	block-PhysRegFile	none			0		
test_phys_reg_file_cl.TestPerClassWritePortsParams::test_params_per_class_writeports	PASS	block-PhysRegFile	none			0		
test_phys_reg_file_cl.TestPerClassWritePortsParams::test_write_ports_match_constructed_methods	PASS	block-PhysRegFile	none			0		
test_phys_reg_file_cl.TestPhysRegFileInterfaceDataclasses::test_read_req_dataclass	PASS	block-PhysRegFile	none			0		
test_phys_reg_file_cl.TestPhysRegFileInterfaceDataclasses::test_read_resp_dataclass	PASS	block-PhysRegFile	none			0		
test_phys_reg_file_cl.TestPhysRegFileInterfaceDataclasses::test_read_resp_default_ready_asserted	PASS	block-PhysRegFile	none			0		
test_phys_reg_file_cl.TestPhysRegFileInterfaceDataclasses::test_write_port_dataclass_default	PASS	block-PhysRegFile	none			0		
test_phys_reg_file_cl.TestPhysRegFileInterfaceDataclasses::test_write_port_dataclass_set_fields	PASS	block-PhysRegFile	none			0		
test_phys_reg_file_cl.TestPhysRegIdAndClassEnum::test_physreg_id_class_index_roundtrip	PASS	block-PhysRegFile	none			0		
test_phys_reg_file_cl.TestPhysRegIdAndClassEnum::test_reg_class_enum_encoding	PASS	block-PhysRegFile	none			0		
test_phys_reg_file_cl.TestReadRegCombinational::test_read_each_class_returns_zero_after_reset	PASS	block-PhysRegFile	none			0		
test_phys_reg_file_cl.TestReadRegCombinational::test_read_reg_rdy_permanently_asserted	PASS	block-PhysRegFile	none			0		
test_phys_reg_file_cl.TestReadRegCombinational::test_read_returns_zero_after_reset	PASS	block-PhysRegFile	none			0		
test_phys_reg_file_cl.TestResetClearsPending::test_reset_clears_pending	PASS	block-PhysRegFile	none			0		
test_phys_reg_file_cl.TestResetClearsPending::test_reset_clears_pending_each_class	PASS	block-PhysRegFile	none			0		
test_phys_reg_file_cl.TestTiming::test_chained_writes_each_cycle	PASS	block-PhysRegFile	none			0		
test_phys_reg_file_cl.TestTiming::test_read_latency_zero_cycles	PASS	block-PhysRegFile	none			0		
test_phys_reg_file_cl.TestTiming::test_write_latency_one_cycle	PASS	block-PhysRegFile	none			0		
test_phys_reg_file_cl.TestWriteRegAndCommit::test_multi_port_write_same_cycle	PASS	block-PhysRegFile	none			0		
test_phys_reg_file_cl.TestWriteRegAndCommit::test_overwrite_via_two_writes	PASS	block-PhysRegFile	none			0		
test_phys_reg_file_cl.TestWriteRegAndCommit::test_per_class_isolation	PASS	block-PhysRegFile	none			0		
test_phys_reg_file_cl.TestWriteRegAndCommit::test_write_to_each_class	PASS	block-PhysRegFile	none			0		
test_phys_reg_file_cl.TestWriteRegAndCommit::test_write_visible_next_cycle_not_same_cycle	PASS	block-PhysRegFile	none			0		
test_rob_cl.TestClearCanCommit::test_clear_can_commit	PASS	block-ROB	none			0		
test_rob_cl.TestClearCanCommit::test_clear_then_wb_reasserts	PASS	block-ROB	none			0		
test_rob_cl.TestConstructionAndReset::test_max_entries_dynamic	PASS	block-ROB	none			0		
test_rob_cl.TestConstructionAndReset::test_max_entries_partitioned	PASS	block-ROB	none			0		
test_rob_cl.TestConstructionAndReset::test_reset_done_squashing_true	PASS	block-ROB	none			0		
test_rob_cl.TestConstructionAndReset::test_reset_head_tail_count_zero	PASS	block-ROB	none			0		
test_rob_cl.TestConstructionAndReset::test_reset_rob_status_idle	PASS	block-ROB	none			0		
test_rob_cl.TestConstructionAndReset::test_reset_youngest_seqnum_zero	PASS	block-ROB	none			0		
test_rob_cl.TestFSM::test_idle_to_running	PASS	block-ROB	none			0		
test_rob_cl.TestFSM::test_running_to_squashing	PASS	block-ROB	none			0		
test_rob_cl.TestFSM::test_squashing_to_running	PASS	block-ROB	none			0		
test_rob_cl.TestFindBySeqNum::test_find_existing	PASS	block-ROB	none			0		
test_rob_cl.TestFindBySeqNum::test_find_not_found	PASS	block-ROB	none			0		
test_rob_cl.TestFreeEntryQuery::test_free_entries	PASS	block-ROB	none			0		
test_rob_cl.TestFreeEntryQuery::test_is_empty	PASS	block-ROB	none			0		
test_rob_cl.TestFreeEntryQuery::test_is_full	PASS	block-ROB	none			0		
test_rob_cl.TestHeadRead::test_head_read_empty	PASS	block-ROB	none			0		
test_rob_cl.TestHeadRead::test_head_read_returns_oldest	PASS	block-ROB	none			0		
test_rob_cl.TestHeadRead::test_head_ready_reflects_can_commit	PASS	block-ROB	none			0		
test_rob_cl.TestInsert::test_insert_ack_combinational	PASS	block-ROB	none			0		
test_rob_cl.TestInsert::test_insert_updates_youngest_seqnum	PASS	block-ROB	none			0		
test_rob_cl.TestInsert::test_insert_when_full	PASS	block-ROB	none			0		
test_rob_cl.TestInsert::test_multi_slot_insert	PASS	block-ROB	none			0		
test_rob_cl.TestInsert::test_single_insert	PASS	block-ROB	none			0		
test_rob_cl.TestLayerSeparation::test_next_rob_entries_not_aliased_to_state_after_tick	PASS	block-ROB	none			0		
test_rob_cl.TestLayerSeparation::test_next_rob_entries_outer_list_independent	PASS	block-ROB	none			0		
test_rob_cl.TestRetire::test_retire_count_actual	PASS	block-ROB	none			0		
test_rob_cl.TestRetire::test_retire_multiple	PASS	block-ROB	none			0		
test_rob_cl.TestRetire::test_retire_single	PASS	block-ROB	none			0		
test_rob_cl.TestRetire::test_retire_squashed_drains	PASS	block-ROB	none			0		
test_rob_cl.TestSMTArbitration::test_dynamic_multi_thread	PASS	block-ROB	none			0		
test_rob_cl.TestSMTArbitration::test_partitioned_capacity	PASS	block-ROB	none			0		
test_rob_cl.TestSquash::test_squash_done_signal	PASS	block-ROB	none			0		
test_rob_cl.TestSquash::test_squash_empty_fast_path	PASS	block-ROB	none			0		
test_rob_cl.TestSquash::test_squash_marks_entries	PASS	block-ROB	none			0		
test_rob_cl.TestSquash::test_squash_new_request_restarts	PASS	block-ROB	none			0		
test_rob_cl.TestSquash::test_squash_no_head_tail_count_change	PASS	block-ROB	none			0		
test_rob_cl.TestSquash::test_squash_updates_youngest_seqnum	PASS	block-ROB	none			0		
test_rob_cl.TestSquash::test_thread_exiting_override	PASS	block-ROB	none			0		
test_rob_cl.TestSquash::test_youngest_seqnum_squash_overrides_insert	PASS	block-ROB	none			0		
test_rob_cl.TestSquashRecoveryWalk::test_cmt_fip_full_stall	PASS	block-ROB	none			0		
test_rob_cl.TestSquashRecoveryWalk::test_walk_abort	PASS	block-ROB	none			0		
test_rob_cl.TestSquashRecoveryWalk::test_walk_done_with_last_beat	PASS	block-ROB	none			0		
test_rob_cl.TestSquashRecoveryWalk::test_walk_fields	PASS	block-ROB	none			0		
test_rob_cl.TestSquashRecoveryWalk::test_walk_youngest_to_oldest	PASS	block-ROB	none			0		
test_rob_cl.TestSquashRecoveryWalkADR0005::test_rob_ckpt_metadata_save_restore	PASS	block-ROB	none			0		
test_rob_cl.TestSquashRecoveryWalkADR0005::test_rob_ckpt_restore_falls_back_to_head_ptr	PASS	block-ROB	none			0		
test_rob_cl.TestSquashRecoveryWalkADR0005::test_rob_ckpt_save_reset_to_zero	PASS	block-ROB	none			0		
test_rob_cl.TestSquashRecoveryWalkADR0005::test_rob_insert_stores_allocated_new	PASS	block-ROB	none			0		
test_rob_cl.TestSquashRecoveryWalkADR0005::test_rob_squash_walk_abort_superseding	PASS	block-ROB	none			0		
test_rob_cl.TestSquashRecoveryWalkADR0005::test_rob_squash_walk_cmt_fip_full_stalls_phase3_only	PASS	block-ROB	none			0		
test_rob_cl.TestSquashRecoveryWalkADR0005::test_rob_squash_walk_empty_rob_fast_path	PASS	block-ROB	none			0		
test_rob_cl.TestSquashRecoveryWalkADR0005::test_rob_squash_walk_phase2_replay	PASS	block-ROB	none			0		
test_rob_cl.TestSquashRecoveryWalkADR0005::test_rob_squash_walk_phase3_free	PASS	block-ROB	none			0		
test_rob_cl.TestSquashRecoveryWalkADR0005::test_rob_squash_walk_simultaneous	PASS	block-ROB	none			0		
test_rob_cl.TestWBUpdate::test_wb_discarded_if_squashed	PASS	block-ROB	none			0		
test_rob_cl.TestWBUpdate::test_wb_fault_stored	PASS	block-ROB	none			0		
test_rob_cl.TestWBUpdate::test_wb_set_can_commit	PASS	block-ROB	none			0		
test_rob_cl.TestWBUpdate::test_wb_set_completed	PASS	block-ROB	none			0		
test_read_operand_cl.TestFromIQ::test_fromiq_rdy_false_when_pending	PASS	block-ReadOperand	none			0		
test_read_operand_cl.TestFromIQ::test_fromiq_rdy_when_empty	PASS	block-ReadOperand	none			0		
test_read_operand_cl.TestFromIQ::test_fromiq_stores_request	PASS	block-ReadOperand	none			0		
test_read_operand_cl.TestIcDrainHandling::test_ic_drain_port_exists	PASS	block-ReadOperand	none			0		
test_read_operand_cl.TestIcDrainHandling::test_ic_drain_reset_clears_state	PASS	block-ReadOperand	none			0		
test_read_operand_cl.TestIcDrainHandling::test_ic_drain_skips_slot_for_drained_thread	PASS	block-ReadOperand	none			0		
test_read_operand_cl.TestInterfaces::test_csr_read_port_exists	PASS	block-ReadOperand	none			0		
test_read_operand_cl.TestInterfaces::test_direct_complete_port_exists	PASS	block-ReadOperand	none			0		
test_read_operand_cl.TestInterfaces::test_fromiq_port_exists	PASS	block-ReadOperand	none			0		
test_read_operand_cl.TestInterfaces::test_fu_operand_port_exists	PASS	block-ReadOperand	none			0		
test_read_operand_cl.TestInterfaces::test_ic_drain_port_exists	PASS	block-ReadOperand	none			0		
test_read_operand_cl.TestInterfaces::test_rf_read_port_exists	PASS	block-ReadOperand	none			0		
test_read_operand_cl.TestInterfaces::test_ro_inst_issued_port_exists	PASS	block-ReadOperand	none			0		
test_read_operand_cl.TestLSQExecuteRespBundleADR0033::test_create_load_factory_accepts_cluster_id_iq_local_id	PASS	block-ReadOperand	none			0		
test_read_operand_cl.TestLSQExecuteRespBundleADR0033::test_lsq_execute_resp_has_cluster_id_field	PASS	block-ReadOperand	none			0		
test_read_operand_cl.TestLSQExecuteRespBundleADR0033::test_lsq_execute_resp_has_iq_local_id_field	PASS	block-ReadOperand	none			0		
test_read_operand_cl.TestLSQExecuteRespBundleADR0033::test_lsq_execute_resp_to_fu_complete_bundle_forwards_cluster_id	PASS	block-ReadOperand	none			0		
test_read_operand_cl.TestLSQExecuteRespBundleADR0033::test_lsq_execute_resp_to_fu_complete_bundle_forwards_iq_local_id	PASS	block-ReadOperand	none			0		
test_read_operand_cl.TestNoNeedFUShortCircuit::test_no_need_fu_calls_direct_complete	PASS	block-ReadOperand	none			0		
test_read_operand_cl.TestNoNeedFUShortCircuit::test_no_need_fu_calls_ro_inst_issued	PASS	block-ReadOperand	none			0		
test_read_operand_cl.TestNoNeedFUShortCircuit::test_no_need_fu_check_before_fault	PASS	block-ReadOperand	none			0		
test_read_operand_cl.TestNoNeedFUShortCircuit::test_no_need_fu_check_before_predicate_false	PASS	block-ReadOperand	none			0		
test_read_operand_cl.TestNoNeedFUShortCircuit::test_no_need_fu_skips_fupool	PASS	block-ReadOperand	none			0		
test_read_operand_cl.TestPreExecFaultShortCircuit::test_no_fault_proceeds_to_fupool	PASS	block-ReadOperand	none			0		
test_read_operand_cl.TestPreExecFaultShortCircuit::test_nonmem_fault_calls_direct_complete	PASS	block-ReadOperand	none			0		
test_read_operand_cl.TestPreExecFaultShortCircuit::test_nonmem_fault_calls_ro_inst_issued	PASS	block-ReadOperand	none			0		
test_read_operand_cl.TestPreExecFaultShortCircuit::test_nonmem_fault_skips_fupool	PASS	block-ReadOperand	none			0		
test_read_operand_cl.TestPredicateFalseShortCircuit::test_predicate_false_calls_direct_complete	PASS	block-ReadOperand	none			0		
test_read_operand_cl.TestPredicateFalseShortCircuit::test_predicate_false_calls_ro_inst_issued	PASS	block-ReadOperand	none			0		
test_read_operand_cl.TestPredicateFalseShortCircuit::test_predicate_false_skips_fupool	PASS	block-ReadOperand	none			0		
test_read_operand_cl.TestPredicateFalseShortCircuit::test_predicate_true_proceeds_to_fupool	PASS	block-ReadOperand	none			0		
test_read_operand_cl.TestProcessing::test_no_handoff_without_fromiq	PASS	block-ReadOperand	none			0		
test_read_operand_cl.TestProcessing::test_process_clears_state_after_tick	PASS	block-ReadOperand	none			0		
test_read_operand_cl.TestROInstIssuedProducer::test_ro_inst_issued_called_for_squashed	PASS	block-ReadOperand	none			0		
test_read_operand_cl.TestROInstIssuedProducer::test_ro_inst_issued_called_with_tid	PASS	block-ReadOperand	none			0		
test_read_operand_cl.TestReset::test_after_reset_drain_state_cleared	PASS	block-ReadOperand	none			0		
test_read_operand_cl.TestReset::test_after_resetpending_fromiq_is_none	PASS	block-ReadOperand	none			0		
test_read_operand_cl.TestReset::test_after_resetstate_fromiq_is_none	PASS	block-ReadOperand	none			0		
test_read_operand_cl.TestRfReadWiring::test_rfread_called_for_each_source_operand	PASS	block-ReadOperand	none			0		
test_read_operand_cl.TestSquashedBypass::test_squashed_still_handed_off	PASS	block-ReadOperand	none			0		
test_read_operand_cl.TestWBInfoADR0033ClusterRouting::test_direct_complete_bundle_carries_cluster_id_iq_local_id	PASS	block-ReadOperand	none			0		
test_read_operand_cl.TestWBInfoADR0033ClusterRouting::test_read_operand_populates_cluster_id_default_when_absent	PASS	block-ReadOperand	none			0		
test_read_operand_cl.TestWBInfoADR0033ClusterRouting::test_read_operand_populates_cluster_id_from_inst	PASS	block-ReadOperand	none			0		
test_read_operand_cl.TestWBInfoADR0033ClusterRouting::test_read_operand_populates_iq_local_id_from_inst	PASS	block-ReadOperand	none			0		
test_read_operand_cl.TestWBInfoADR0033ClusterRouting::test_wbinfo_has_cluster_id_field	PASS	block-ReadOperand	none			0		
test_read_operand_cl.TestWBInfoADR0033ClusterRouting::test_wbinfo_has_iq_local_id_field	PASS	block-ReadOperand	none			0		
test_read_operand_cl.TestWBInfoExtraction::test_fu_operand_req_carries_wbinfo	PASS	block-ReadOperand	none			0		
test_read_operand_cl.TestWBInfoExtraction::test_wbinfo_dest_phys_reg_defaults_to_zero	PASS	block-ReadOperand	none			0		
src.cpu.pyo3.pymtl3.o3-block-tests.ReadOperandInt.test_read_operand_int_cl.TestDirectComplete::test_direct_complete_called_for_fault	PASS	block-ReadOperandInt	none			0		
src.cpu.pyo3.pymtl3.o3-block-tests.ReadOperandInt.test_read_operand_int_cl.TestHandoff::test_fu_operand_called_after_read	PASS	block-ReadOperandInt	none			0		
src.cpu.pyo3.pymtl3.o3-block-tests.ReadOperandInt.test_read_operand_int_cl.TestHandoff::test_squashed_still_handed_off	PASS	block-ReadOperandInt	none			0		
src.cpu.pyo3.pymtl3.o3-block-tests.ReadOperandInt.test_read_operand_int_cl.TestOperandRead::test_rf_read_called_for_sources	PASS	block-ReadOperandInt	none			0		
src.cpu.pyo3.pymtl3.o3-block-tests.ReadOperandInt.test_read_operand_int_cl.TestReceiveIssue::test_fromiq_rdy_when_not_full	PASS	block-ReadOperandInt	none			0		
src.cpu.pyo3.pymtl3.o3-block-tests.ReadOperandInt.test_read_operand_int_cl.TestReceiveIssue::test_fromiq_stores_request	PASS	block-ReadOperandInt	none			0		
src.cpu.pyo3.pymtl3.o3-block-tests.ReadOperandInt.test_read_operand_int_cl.TestWBInfoConstruction::test_wbinfo_has_dest_phys_reg	PASS	block-ReadOperandInt	none			0		
src.cpu.pyo3.pymtl3.o3-block-tests.ReadOperandInt.test_read_operand_int_cl_adr0033_primary.TestBypassQueryCalledPerSourceReg::test_bypass_query_called_for_each_source	PASS	block-ReadOperandInt	none			0		
src.cpu.pyo3.pymtl3.o3-block-tests.ReadOperandInt.test_read_operand_int_cl_adr0033_primary.TestBypassQueryHitUsesBypassValue::test_bypass_query_hit_uses_bypass_value	PASS	block-ReadOperandInt	none			0		
src.cpu.pyo3.pymtl3.o3-block-tests.ReadOperandInt.test_read_operand_int_cl_adr0033_primary.TestBypassQueryHitUsesBypassValue::test_bypass_query_miss_uses_rf_read_value	PASS	block-ReadOperandInt	none			0		
src.cpu.pyo3.pymtl3.o3-block-tests.ReadOperandInt.test_read_operand_int_cl_adr0033_primary.TestBypassQueryInterface::test_bypass_query_caller_ifc_exists	PASS	block-ReadOperandInt	none			0		
src.cpu.pyo3.pymtl3.o3-block-tests.ReadOperandInt.test_read_operand_int_cl_adr0033_primary.TestBypassQueryInterface::test_bypass_query_is_callable	PASS	block-ReadOperandInt	none			0		
src.cpu.pyo3.pymtl3.o3-block-tests.ReadOperandInt.test_read_operand_int_cl_adr0033_primary.TestBypassQueryPrecedence::test_bypass_query_hit_suppresses_rf_read	PASS	block-ReadOperandInt	none			0		
src.cpu.pyo3.pymtl3.o3-block-tests.ReadOperandInt.test_read_operand_int_cl_adr0033_primary.TestBypassQueryPrecedence::test_bypass_query_partial_hit_suppresses_only_hit_sources	PASS	block-ReadOperandInt	none			0		
src.cpu.pyo3.pymtl3.o3-block-tests.ReadOperandMem.test_read_operand_mem_cl.TestSTALDARouting::test_lda_calls_fu_operand	PASS	block-ReadOperandMem	none			0		
src.cpu.pyo3.pymtl3.o3-block-tests.ReadOperandMem.test_read_operand_mem_cl.TestSTALDARouting::test_none_uop_calls_fu_operand	PASS	block-ReadOperandMem	none			0		
src.cpu.pyo3.pymtl3.o3-block-tests.ReadOperandMem.test_read_operand_mem_cl.TestSTALDARouting::test_sta_calls_fu_operand	PASS	block-ReadOperandMem	none			0		
src.cpu.pyo3.pymtl3.o3-block-tests.ReadOperandMem.test_read_operand_mem_cl.TestSTDRouting::test_std_calls_lsq_execute_store_data	PASS	block-ReadOperandMem	none			0		
src.cpu.pyo3.pymtl3.o3-block-tests.ReadOperandMem.test_read_operand_mem_cl.TestSTDRouting::test_std_does_not_call_fu_operand	PASS	block-ReadOperandMem	none			0		
src.cpu.pyo3.pymtl3.o3-block-tests.ReadOperandMem.test_read_operand_mem_cl.TestSTDRouting::test_std_passes_inst_list_idx_zero	PASS	block-ReadOperandMem	none			0		
test_free_list_cl.TestAllocFreeSameCycle::test_alloc_does_not_see_same_cycle_free	PASS	block-Rename	none			0		
test_free_list_cl.TestAllocation::test_alloc_advances_head	PASS	block-Rename	none			0		
test_free_list_cl.TestAllocation::test_alloc_from_empty_class	PASS	block-Rename	none			0		
test_free_list_cl.TestAllocation::test_multi_slot_alloc_same_class	PASS	block-Rename	none			0		
test_free_list_cl.TestAllocation::test_per_class_isolation	PASS	block-Rename	none			0		
test_free_list_cl.TestAllocation::test_single_alloc	PASS	block-Rename	none			0		
test_free_list_cl.TestBugFixes::test_alloc_empty_class_returns_invalid	PASS	block-Rename	none			0		
test_free_list_cl.TestBugFixes::test_count_single_write_alloc_and_free_same_cycle	PASS	block-Rename	none			0		
test_free_list_cl.TestBugFixes::test_free_pushes_to_correct_class	PASS	block-Rename	none			0		
test_free_list_cl.TestCapacitySignals::test_empty_flag_after_draining_class	PASS	block-Rename	none			0		
test_free_list_cl.TestCapacitySignals::test_empty_flag_false_when_class_has_regs	PASS	block-Rename	none			0		
test_free_list_cl.TestCapacitySignals::test_empty_flag_when_class_empty	PASS	block-Rename	none			0		
test_free_list_cl.TestConstructionAndReset::test_reset_count_matches_phys_regs	PASS	block-Rename	none			0		
test_free_list_cl.TestConstructionAndReset::test_reset_head_tail	PASS	block-Rename	none			0		
test_free_list_cl.TestConstructionAndReset::test_reset_loads_all_phys_regs	PASS	block-Rename	none			0		
test_free_list_cl.TestReclamation::test_free_cc_class_is_noop	PASS	block-Rename	none			0		
test_free_list_cl.TestReclamation::test_free_then_alloc_fifo_order	PASS	block-Rename	none			0		
test_free_list_cl.TestReclamation::test_single_free	PASS	block-Rename	none			0		
test_free_list_cl.TestSameCycleMultiAlloc::test_alloc_more_than_available	PASS	block-Rename	none			0		
test_free_list_cl.TestSameCycleMultiAlloc::test_circular_buffer_wraparound	PASS	block-Rename	none			0		
test_free_list_cl.TestSameCycleMultiAlloc::test_circular_buffer_wrapping	PASS	block-Rename	none			0		
test_free_list_cl.TestSameCycleMultiAlloc::test_mixed_class_multi_alloc	PASS	block-Rename	none			0		
test_free_list_cl.TestSameCycleMultiAlloc::test_multiple_allocs_in_order	PASS	block-Rename	none			0		
test_rename_cl.TestADR0005CheckpointSaveTrigger::test_cond_branch_high_confidence_skips_save	PASS	block-Rename	none			0		
test_rename_cl.TestADR0005CheckpointSaveTrigger::test_cond_branch_triggers_checkpoint_save	PASS	block-Rename	none			0		
test_rename_cl.TestADR0005CheckpointSaveTrigger::test_indirect_branch_triggers_checkpoint_save	PASS	block-Rename	none			0		
test_rename_cl.TestADR0005CheckpointSaveTrigger::test_interval_counter_increments_on_rename	PASS	block-Rename	none			0		
test_rename_cl.TestADR0005CheckpointState::test_branch_confidence_high_default_false	PASS	block-Rename	none			0		
test_rename_cl.TestADR0005CheckpointState::test_ckpt_state_reset	PASS	block-Rename	none			0		
test_rename_cl.TestADR0005ForwardReplay::test_allocated_new_false_skips_fip_write	PASS	block-Rename	none			0		
test_rename_cl.TestADR0005ForwardReplay::test_phase3_walk_triggers_fip_write	PASS	block-Rename	none			0		
test_rename_cl.TestADR0005SquashRecovery::test_squash_exits_on_both_walks_done	PASS	block-Rename	none			0		
test_rename_cl.TestADR0005SquashRecovery::test_walk_done_flags_reset_on_squash	PASS	block-Rename	none			0		
test_rename_cl.TestBlockUnblock::test_block_on_iq_full	PASS	block-Rename	none			0		
test_rename_cl.TestBlockUnblock::test_block_on_rob_full	PASS	block-Rename	none			0		
test_rename_cl.TestBlockUnblock::test_unblock_when_resources_available	PASS	block-Rename	none			0		
test_rename_cl.TestCombinationalOccupancyReadback::test_comb_occupancy_readback_default_true	PASS	block-Rename	none			0		
test_rename_cl.TestCombinationalOccupancyReadback::test_comb_occupancy_readback_false	PASS	block-Rename	none			0		
test_rename_cl.TestConstructionAndReset::test_rename_map_initialized	PASS	block-Rename	none			0		
test_rename_cl.TestConstructionAndReset::test_reset_empty_queues	PASS	block-Rename	none			0		
test_rename_cl.TestConstructionAndReset::test_reset_no_block_signals	PASS	block-Rename	none			0		
test_rename_cl.TestConstructionAndReset::test_reset_status_idle	PASS	block-Rename	none			0		
test_rename_cl.TestFIPBackPressure::test_fip_back_pressure_stalls_walk	PASS	block-Rename	none			0		
test_rename_cl.TestFIPBackPressure::test_fip_clear_on_new_squash	PASS	block-Rename	none			0		
test_rename_cl.TestFIPBackPressure::test_fip_full_reset_false	PASS	block-Rename	none			0		
test_rename_cl.TestFIPBackPressure::test_fip_full_set_on_walk	PASS	block-Rename	none			0		
test_rename_cl.TestMultiInstructionRename::test_intra_bundle_dependency	PASS	block-Rename	none			0		
test_rename_cl.TestMultiInstructionRename::test_two_instructions_same_cycle	PASS	block-Rename	none			0		
test_rename_cl.TestNormalRename::test_instruction_with_source_reg	PASS	block-Rename	none			0		
test_rename_cl.TestNormalRename::test_nop_instruction	PASS	block-Rename	none			0		
test_rename_cl.TestNormalRename::test_single_instruction_rename	PASS	block-Rename	none			0		
test_rename_cl.TestShadowCounters::test_cached_state_reset	PASS	block-Rename	none			0		
test_rename_cl.TestShadowCounters::test_shadow_counters_reset_zero	PASS	block-Rename	none			0		
test_rename_cl.TestSkidBuffer::test_blocked_instruction_goes_to_skid	PASS	block-Rename	none			0		
test_rename_cl.TestSquashRecovery::test_squash_clears_queues	PASS	block-Rename	none			0		
test_rename_cl.TestSquashRecovery::test_squash_seqnum_captured	PASS	block-Rename	none			0		
test_rename_cl.TestSquashRecovery::test_squash_sets_squashing_state	PASS	block-Rename	none			0		
test_rename_map_cl.TestCanRename::test_can_rename_fails_when_empty	PASS	block-Rename	none			0		
test_rename_map_cl.TestCanRename::test_can_rename_when_free_regs_available	PASS	block-Rename	none			0		
test_rename_map_cl.TestCheckpointRestore::test_restore_done_pulse	PASS	block-Rename	none			0		
test_rename_map_cl.TestCheckpointRestore::test_restore_returns_to_saved_state	PASS	block-Rename	none			0		
test_rename_map_cl.TestCheckpointRestoreCAMLookup::test_checkpoint_restore_cam_lookup	PASS	block-Rename	none			0		
test_rename_map_cl.TestCheckpointRestoreCAMLookup::test_checkpoint_restore_invalidates_younger	PASS	block-Rename	none			0		
test_rename_map_cl.TestCheckpointRestoreCAMLookup::test_checkpoint_restore_no_match	PASS	block-Rename	none			0		
test_rename_map_cl.TestCheckpointSave::test_save_captures_spec_map	PASS	block-Rename	none			0		
test_rename_map_cl.TestCheckpointSaveMetadata::test_checkpoint_save_done_pulse	PASS	block-Rename	none			0		
test_rename_map_cl.TestCheckpointSaveMetadata::test_checkpoint_save_stores_metadata	PASS	block-Rename	none			0		
test_rename_map_cl.TestCircularNextFreeAllocation::test_circular_next_free_slot_allocation	PASS	block-Rename	none			0		
test_rename_map_cl.TestCommitSetEntry::test_commit_updates_arch_map_only	PASS	block-Rename	none			0		
test_rename_map_cl.TestCommitSetEntry::test_non_commit_updates_spec_only	PASS	block-Rename	none			0		
test_rename_map_cl.TestCommitSetReqOldPhysReg::test_commit_set_req_returns_old_phys_reg	PASS	block-Rename	none			0		
test_rename_map_cl.TestConstructionAndReset::test_arch_map_initialized	PASS	block-Rename	none			0		
test_rename_map_cl.TestConstructionAndReset::test_spec_arch_map_match_after_reset	PASS	block-Rename	none			0		
test_rename_map_cl.TestConstructionAndReset::test_spec_map_initialized	PASS	block-Rename	none			0		
test_rename_map_cl.TestForwardReplayPhase2::test_forward_replay_phase2_set_entry	PASS	block-Rename	none			0		
test_rename_map_cl.TestIntraBundleBypass::test_inst1_source_sees_inst0_dest_rename	PASS	block-Rename	none			0		
test_rename_map_cl.TestMiscReg::test_misc_reg_identity_mapping	PASS	block-Rename	none			0		
test_rename_map_cl.TestMiscReg::test_misc_reg_rename_returns_identity	PASS	block-Rename	none			0		
test_rename_map_cl.TestPinnedWrites::test_pin_count_zero_allocates_normally	PASS	block-Rename	none			0		
test_rename_map_cl.TestPinnedWrites::test_pin_counter_not_decremented_in_cl	PASS	block-Rename	none			0		
test_rename_map_cl.TestPinnedWrites::test_pinned_register_reuses_mapping	PASS	block-Rename	none			0		
test_rename_map_cl.TestRenameBundle::test_basic_lookup	PASS	block-Rename	none			0		
test_rename_map_cl.TestRenameBundle::test_basic_rename	PASS	block-Rename	none			0		
test_rename_map_cl.TestSetEntry::test_set_entry_updates_spec_map_only	PASS	block-Rename	none			0		
test_sq_store_cl.TestADR0019Ports::test_dcache_store_pa_req_caller_ifc_exists	PASS	block-SQStore	none			0		
test_sq_store_cl.TestADR0019Ports::test_dcache_store_pa_req_fires_on_writeback	PASS	block-SQStore	none			0		
test_sq_store_cl.TestADR0019Ports::test_dcache_store_write_removed	PASS	block-SQStore	none			0		
test_sq_store_cl.TestBarrierFence::test_is_release_flag_exists	PASS	block-SQStore	none			0		
test_sq_store_cl.TestBitFieldTagScheme::test_cfg_tag_n_field_exists	PASS	block-SQStore	none			0		
test_sq_store_cl.TestBitFieldTagScheme::test_dcache_store_pa_req_includes_tag	PASS	block-SQStore	none			0		
test_sq_store_cl.TestBitFieldTagScheme::test_dcache_store_pa_req_tag_value_idx0	PASS	block-SQStore	none			0		
test_sq_store_cl.TestBitFieldTagScheme::test_dcache_store_pa_req_tag_value_idx1	PASS	block-SQStore	none			0		
test_sq_store_cl.TestCBOType::test_cbo_clean_writeback	PASS	block-SQStore	none			0		
test_sq_store_cl.TestCBOType::test_cbo_excluded_from_forwarding	PASS	block-SQStore	none			0		
test_sq_store_cl.TestCBOType::test_cbo_flush_writeback	PASS	block-SQStore	none			0		
test_sq_store_cl.TestCBOType::test_cbo_no_violation_scan_on_translated	PASS	block-SQStore	none			0		
test_sq_store_cl.TestCBOType::test_cbo_participates_in_tso	PASS	block-SQStore	none			0		
test_sq_store_cl.TestCBOType::test_cbo_two_stage_writeback_path	PASS	block-SQStore	none			0		
test_sq_store_cl.TestCBOType::test_cbo_type_field_exists	PASS	block-SQStore	none			0		
test_sq_store_cl.TestCBOType::test_cbo_zero_writeback	PASS	block-SQStore	none			0		
test_sq_store_cl.TestCBOType::test_dcache_store_write_carries_cbo_type	PASS	block-SQStore	none			0		
test_sq_store_cl.TestCBOType::test_insert_accepts_cbo_type	PASS	block-SQStore	none			0		
test_sq_store_cl.TestCBOType::test_normal_store_cbo_type_zero	PASS	block-SQStore	none			0		
test_sq_store_cl.TestCacheMaintenance::test_cache_maintenance_flag_exists	PASS	block-SQStore	none			0		
test_sq_store_cl.TestDependentsBroadcast::test_broadcast_fires_even_without_dependents_bits	PASS	block-SQStore	none			0		
test_sq_store_cl.TestDependentsBroadcast::test_broadcast_fires_on_executed_fsm_with_dependents	PASS	block-SQStore	none			0		
test_sq_store_cl.TestDependentsBroadcast::test_broadcast_one_shot_does_not_refire	PASS	block-SQStore	none			0		
test_sq_store_cl.TestDependentsBroadcast::test_broadcast_passes_sq_idx_and_bitvector	PASS	block-SQStore	none			0		
test_sq_store_cl.TestDependentsBroadcast::test_cfg_lq_size_param_exists	PASS	block-SQStore	none			0		
test_sq_store_cl.TestDependentsBroadcast::test_default_cfg_lq_size_is_32	PASS	block-SQStore	none			0		
test_sq_store_cl.TestDependentsBroadcast::test_dependents_broadcast_caller_ifc_exists	PASS	block-SQStore	none			0		
test_sq_store_cl.TestDependentsBroadcast::test_insert_clears_dependents_and_broadcast_flag	PASS	block-SQStore	none			0		
test_sq_store_cl.TestDependentsBroadcast::test_sq_entry_has_dependents_broadcast_flag	PASS	block-SQStore	none			0		
test_sq_store_cl.TestDependentsBroadcast::test_sq_entry_has_dependents_field	PASS	block-SQStore	none			0		
test_sq_store_cl.TestFenceOrdering::test_has_stores_to_wb_false_after_drain	PASS	block-SQStore	none			0		
test_sq_store_cl.TestFenceOrdering::test_has_stores_to_wb_false_when_empty	PASS	block-SQStore	none			0		
test_sq_store_cl.TestFenceOrdering::test_has_stores_to_wb_true_when_stores_pending	PASS	block-SQStore	none			0		
test_sq_store_cl.TestFenceOrdering::test_normal_store_not_blocked_by_sq_head	PASS	block-SQStore	none			0		
test_sq_store_cl.TestFenceOrdering::test_release_store_blocked_while_a_in_flight	PASS	block-SQStore	none			0		
test_sq_store_cl.TestFenceOrdering::test_release_store_fires_after_batch_pop	PASS	block-SQStore	none			0		
test_sq_store_cl.TestFenceOrdering::test_sc_store_fires_after_batch_pop	PASS	block-SQStore	none			0		
test_sq_store_cl.TestFenceOrdering::test_state_stores_to_wb_exists	PASS	block-SQStore	none			0		
test_sq_store_cl.TestForwardQuery::test_forward_full_coverage_hit	PASS	block-SQStore	none			0		
test_sq_store_cl.TestForwardQuery::test_forward_no_match	PASS	block-SQStore	none			0		
test_sq_store_cl.TestForwardQuery::test_forward_partial_coverage	PASS	block-SQStore	none			0		
test_sq_store_cl.TestForwardingCAMMatrix::test_atomic_store_no_forward	PASS	block-SQStore	none			0		
test_sq_store_cl.TestForwardingCAMMatrix::test_zero_fill_forward	PASS	block-SQStore	none			0		
test_sq_store_cl.TestInsert::test_insert_adds_entry	PASS	block-SQStore	none			0		
test_sq_store_cl.TestInsert::test_insert_advances_tail	PASS	block-SQStore	none			0		
test_sq_store_cl.TestInterfaces::test_callee_ports_exist	PASS	block-SQStore	none			0		
test_sq_store_cl.TestInterfaces::test_caller_ports_exist	PASS	block-SQStore	none			0		
test_sq_store_cl.TestM4PrefetchZeroSizeSkip::test_is_data_prefetch_field_exists	PASS	block-SQStore	none			0		
test_sq_store_cl.TestM4PrefetchZeroSizeSkip::test_normal_store_still_sends_to_dcache	PASS	block-SQStore	none			0		
test_sq_store_cl.TestM4PrefetchZeroSizeSkip::test_prefetch_does_not_set_storeInFlight	PASS	block-SQStore	none			0		
test_sq_store_cl.TestM4PrefetchZeroSizeSkip::test_prefetch_store_skips_dcache	PASS	block-SQStore	none			0		
test_sq_store_cl.TestM4PrefetchZeroSizeSkip::test_zero_size_store_skips_dcache	PASS	block-SQStore	none			0		
test_sq_store_cl.TestM5StoreBackpressure::test_blocked_store_retries_same_packet	PASS	block-SQStore	none			0		
test_sq_store_cl.TestM5StoreBackpressure::test_isStoreBlocked_resets	PASS	block-SQStore	none			0		
test_sq_store_cl.TestM5StoreBackpressure::test_store_blocked_when_dcache_not_ready	PASS	block-SQStore	none			0		
test_sq_store_cl.TestM5StoreBackpressure::test_store_unblocks_when_dcache_ready	PASS	block-SQStore	none			0		
test_sq_store_cl.TestMultiThreadInsert::test_construct_accepts_max_threads_param	PASS	block-SQStore	none			0		
test_sq_store_cl.TestMultiThreadInsert::test_default_max_threads_is_one_backward_compat	PASS	block-SQStore	none			0		
test_sq_store_cl.TestMultiThreadInsert::test_insert_both_threads_independent	PASS	block-SQStore	none			0		
test_sq_store_cl.TestMultiThreadInsert::test_insert_tid0_uses_partition0	PASS	block-SQStore	none			0		
test_sq_store_cl.TestMultiThreadInsert::test_insert_tid1_uses_partition1	PASS	block-SQStore	none			0		
test_sq_store_cl.TestNonSpecFlag::test_insert_defaults_non_spec_false	PASS	block-SQStore	none			0		
test_sq_store_cl.TestNonSpecFlag::test_insert_sets_non_spec_true	PASS	block-SQStore	none			0		
test_sq_store_cl.TestNonSpecFlag::test_sq_entry_has_non_spec_field	PASS	block-SQStore	none			0		
test_sq_store_cl.TestNonSpecFlag::test_up_once_store_translated_proceeds_when_non_spec_cleared	PASS	block-SQStore	none			0		
test_sq_store_cl.TestNonSpecFlag::test_up_once_store_translated_proceeds_when_non_spec_false	PASS	block-SQStore	none			0		
test_sq_store_cl.TestNonSpecFlag::test_up_once_store_translated_skipped_when_non_spec	PASS	block-SQStore	none			0		
test_sq_store_cl.TestPartialForwardStallSeqnum::test_forward_query_returns_6_tuple_on_partial	PASS	block-SQStore	none			0		
test_sq_store_cl.TestPartialForwardStallSeqnum::test_forward_query_returns_zero_seqnum_on_full_hit	PASS	block-SQStore	none			0		
test_sq_store_cl.TestPartialForwardStallSeqnum::test_forward_query_returns_zero_seqnum_on_no_match	PASS	block-SQStore	none			0		
test_sq_store_cl.TestPerFragmentViolationCheck::test_split_store_triggers_violation_check_twice	PASS	block-SQStore	none			0		
test_sq_store_cl.TestReset::test_after_reset_all_empty	PASS	block-SQStore	none			0		
test_sq_store_cl.TestReset::test_after_reset_fsm_idle	PASS	block-SQStore	none			0		
test_sq_store_cl.TestReset::test_after_reset_head_tail_zero	PASS	block-SQStore	none			0		
test_sq_store_cl.TestSCLR::test_reservation_registers_exist	PASS	block-SQStore	none			0		
test_sq_store_cl.TestSCLR::test_sc_failure_completes_without_write	PASS	block-SQStore	none			0		
test_sq_store_cl.TestSCLR::test_set_reservation_method_exists	PASS	block-SQStore	none			0		
test_sq_store_cl.TestSQStoreC3TLBI::test_has_stale_method_exists	PASS	block-SQStore	none			0		
test_sq_store_cl.TestSQStoreC3TLBI::test_sq_entry_has_stale_translation_field	PASS	block-SQStore	none			0		
test_sq_store_cl.TestSQStoreC3TLBI::test_sq_entry_has_vaddr_field	PASS	block-SQStore	none			0		
test_sq_store_cl.TestSQStoreC3TLBI::test_stale_store_triggers_translate_req	PASS	block-SQStore	none			0		
test_sq_store_cl.TestSQStoreC3TLBI::test_tlbi_inv_callee_ifc_exists	PASS	block-SQStore	none			0		
test_sq_store_cl.TestSQStoreC3TLBI::test_tlbi_inv_marks_inflight_store_stale	PASS	block-SQStore	none			0		
test_sq_store_cl.TestSQStoreC3TLBI::test_translate_req_caller_ifc_exists	PASS	block-SQStore	none			0		
test_sq_store_cl.TestSQStoreClearReservation::test_clear_reservation_callee_ifc_exists	PASS	block-SQStore	none			0		
test_sq_store_cl.TestSQStoreClearReservation::test_clear_reservation_clears_state	PASS	block-SQStore	none			0		
test_sq_store_cl.TestSQStoreClearReservation::test_clear_reservation_mismatched_addr_no_clear	PASS	block-SQStore	none			0		
test_sq_store_cl.TestSetPhysAddr::test_set_phys_addr_sets_eff_addr_valid	PASS	block-SQStore	none			0		
test_sq_store_cl.TestSplitStoreNonForwardable::test_split_store_skipped_by_forward_query	PASS	block-SQStore	none			0		
test_sq_store_cl.TestSplitStoreWriteback::test_split_store_completion_requires_both_acks	PASS	block-SQStore	none			0		
test_sq_store_cl.TestSplitStoreWriteback::test_split_store_issues_two_dcache_reqs	PASS	block-SQStore	none			0		
test_sq_store_cl.TestSplitStoreWriteback::test_split_store_marks_committed_on_writeback	PASS	block-SQStore	none			0		
test_sq_store_cl.TestSplitStoreWriteback::test_split_store_sets_storeInFlight_on_writeback	PASS	block-SQStore	none			0		
test_sq_store_cl.TestStoreCompleteBatchPop::test_batch_pop_multiple_consecutive_completed	PASS	block-SQStore	none			0		
test_sq_store_cl.TestStoreCompleteBatchPop::test_batch_pop_respects_writeback_width	PASS	block-SQStore	none			0		
test_sq_store_cl.TestStoreCompleteBatchPop::test_batch_pop_single_completed_entry	PASS	block-SQStore	none			0		
test_sq_store_cl.TestStoreCompleteBatchPop::test_batch_pop_stops_at_non_completed	PASS	block-SQStore	none			0		
test_sq_store_cl.TestStoreCompleteBatchPop::test_retire_store_removed	PASS	block-SQStore	none			0		
test_sq_store_cl.TestStoreCompleteBatchPop::test_store_complete_batch_pop_in_up_clear_exists	PASS	block-SQStore	none			0		
test_sq_store_cl.TestStoreCompleteNotify::test_store_complete_fires_notify_with_head_seqnum	PASS	block-SQStore	none			0		
test_sq_store_cl.TestStoreCompleteNotify::test_store_complete_notify_caller_ifc_exists	PASS	block-SQStore	none			0		
test_sq_store_cl.TestStoreCompleteSignature::test_completed_not_set_at_send_time	PASS	block-SQStore	none			0		
test_sq_store_cl.TestStoreCompleteSignature::test_split_store_complete_requires_both_acks	PASS	block-SQStore	none			0		
test_sq_store_cl.TestStoreCompleteSignature::test_split_store_pending_flags_only_after_both_acks	PASS	block-SQStore	none			0		
test_sq_store_cl.TestStoreCompleteSignature::test_store_complete_accepts_sq_idx_and_is_frag1	PASS	block-SQStore	none			0		
test_sq_store_cl.TestStoreCompleteSignature::test_store_complete_sets_completed	PASS	block-SQStore	none			0		
test_sq_store_cl.TestStoreCompleteSignature::test_store_complete_sets_pending_flags_only_on_completion	PASS	block-SQStore	none			0		
test_sq_store_cl.TestStoreTranslatedContinuation::test_translated_to_executed	PASS	block-SQStore	none			0		
test_sq_store_cl.TestTwoStageWriteback::test_canwb_set_by_commit_stores	PASS	block-SQStore	none			0		
test_sq_store_cl.TestTwoStageWriteback::test_storeInFlight_register_exists	PASS	block-SQStore	none			0		
test_sq_store_cl.TestTwoStageWriteback::test_storeWBIt_iterator_exists	PASS	block-SQStore	none			0		
test_sq_store_cl.TestTwoStageWriteback::test_storesToWB_counter_exists	PASS	block-SQStore	none			0		
test_sq_store_cl.TestWritebackEngine::test_canWB_store_sent_to_dcache_autonomously	PASS	block-SQStore	none			0		
test_sq_store_cl.TestWritebackEngine::test_non_canWB_store_not_sent	PASS	block-SQStore	none			0		
test_sq_store_cl.TestWritebackEngine::test_storeInFlight_blocks_second_store	PASS	block-SQStore	none			0		
test_sq_store_cl.TestWritebackEngine::test_store_complete_allows_next_store	PASS	block-SQStore	none			0		
test_sq_store_cl.TestWritebackEngine::test_store_complete_clears_storeInFlight	PASS	block-SQStore	none			0		
test_scoreboard_cl.TestDesignParams::test_misc_base_after_renameable	PASS	block-Scoreboard	none			0		
test_scoreboard_cl.TestDesignParams::test_num_phys_regs_total	PASS	block-Scoreboard	none			0		
test_scoreboard_cl.TestIntraGroupRAW::test_earlier_unset_makes_getReg_return_0_same_cycle	PASS	block-Scoreboard	none			0		
test_scoreboard_cl.TestIsAlwaysReady::test_misc_reg_always_ready_after_unset	PASS	block-Scoreboard	none			0		
test_scoreboard_cl.TestIsAlwaysReady::test_misc_reg_getReg_returns_1	PASS	block-Scoreboard	none			0		
test_scoreboard_cl.TestIsAlwaysReady::test_misc_reg_setReg_no_op	PASS	block-Scoreboard	none			0		
test_scoreboard_cl.TestLifecycle::test_squash_recovery_reverses_busy_to_ready	PASS	block-Scoreboard	none			0		
test_scoreboard_cl.TestLifecycle::test_unset_then_set_lifecycle	PASS	block-Scoreboard	none			0		
test_scoreboard_cl.TestMethodExistence::test_getReg_methods_exist_for_all_slots	PASS	block-Scoreboard	none			0		
test_scoreboard_cl.TestMethodExistence::test_setRegSquash_methods_exist_for_all_slots	PASS	block-Scoreboard	none			0		
test_scoreboard_cl.TestMethodExistence::test_setReg_methods_exist_for_all_slots	PASS	block-Scoreboard	none			0		
test_scoreboard_cl.TestMethodExistence::test_unsetReg_methods_exist_for_all_slots	PASS	block-Scoreboard	none			0		
test_scoreboard_cl.TestMultiSlotPositional::test_each_squash_slot_writes_unique_pending_entry	PASS	block-Scoreboard	none			0		
test_scoreboard_cl.TestMultiSlotPositional::test_each_unset_slot_writes_unique_pending_entry	PASS	block-Scoreboard	none			0		
test_scoreboard_cl.TestMultiSlotPositional::test_each_wb_slot_writes_unique_pending_entry	PASS	block-Scoreboard	none			0		
test_scoreboard_cl.TestMultipleReads::test_multiple_getReg_calls_same_cycle	PASS	block-Scoreboard	none			0		
test_scoreboard_cl.TestNoWBBypass::test_getReg_does_not_see_wb_set_same_cycle	PASS	block-Scoreboard	none			0		
test_scoreboard_cl.TestPendingSizing::test_pending_sq_set_sized_to_squash_width_x_max_dest_regs	PASS	block-Scoreboard	none			0		
test_scoreboard_cl.TestPendingSizing::test_pending_unset_sized_to_max_rename_width_x_max_dest_regs	PASS	block-Scoreboard	none			0		
test_scoreboard_cl.TestPendingSizing::test_pending_wb_set_sized_to_wb_width_x_max_dest_regs	PASS	block-Scoreboard	none			0		
test_scoreboard_cl.TestReset::test_after_reset_all_bits_ready	PASS	block-Scoreboard	none			0		
test_scoreboard_cl.TestReset::test_reset_clears_all_pending	PASS	block-Scoreboard	none			0		
test_scoreboard_cl.TestSbResetValid::test_sb_reset_clears_all_pending_buffers	PASS	block-Scoreboard	none			0		
test_scoreboard_cl.TestSbResetValid::test_sb_reset_clears_pending_after_commit	PASS	block-Scoreboard	none			0		
test_scoreboard_cl.TestSbResetValid::test_sb_reset_is_callee_ifc_cl	PASS	block-Scoreboard	none			0		
test_scoreboard_cl.TestSbResetValid::test_sb_reset_rdy_always_true	PASS	block-Scoreboard	none			0		
test_scoreboard_cl.TestSbResetValid::test_sb_reset_sets_pending_flag	PASS	block-Scoreboard	none			0		
test_scoreboard_cl.TestSbResetValid::test_sb_reset_valid_sets_all_bits_to_1	PASS	block-Scoreboard	none			0		
test_scoreboard_cl.TestSetReg::test_set_visible_next_cycle	PASS	block-Scoreboard	none			0		
test_scoreboard_cl.TestSetRegSquashBypass::test_squash_set_same_cycle_getReg_bypass	PASS	block-Scoreboard	none			0		
test_scoreboard_cl.TestUnsetReg::test_unset_visible_next_cycle_not_same_cycle	PASS	block-Scoreboard	none			0		
test_scoreboard_cl.TestWritePortPriority::test_squash_overrides_unset	PASS	block-Scoreboard	none			0		
test_scoreboard_cl.TestWritePortPriority::test_unset_overrides_wb	PASS	block-Scoreboard	none			0		
test_scoreboard_cl_adr0033.TestGetProducer::test_get_producer_bypass_overrides_stale_state	PASS	block-Scoreboard	none			0		
test_scoreboard_cl_adr0033.TestGetProducer::test_get_producer_global_id_zero_is_valid_when_not_ready	PASS	block-Scoreboard	none			0		
test_scoreboard_cl_adr0033.TestGetProducer::test_get_producer_returns_committed_value_when_not_ready	PASS	block-Scoreboard	none			0		
test_scoreboard_cl_adr0033.TestGetProducer::test_get_producer_returns_ready_after_reset	PASS	block-Scoreboard	none			0		
test_scoreboard_cl_adr0033.TestGetProducer::test_get_producer_same_cycle_bypass	PASS	block-Scoreboard	none			0		
test_scoreboard_cl_adr0033.TestInterfaceExistence::test_get_producer_port_exists	PASS	block-Scoreboard	none			0		
test_scoreboard_cl_adr0033.TestInterfaceExistence::test_set_producer_port_exists	PASS	block-Scoreboard	none			0		
test_scoreboard_cl_adr0033.TestPendingSetProducerBuffer::test_pending_cleared_after_tick	PASS	block-Scoreboard	none			0		
test_scoreboard_cl_adr0033.TestPendingSetProducerBuffer::test_pending_set_producer_exists	PASS	block-Scoreboard	none			0		
test_scoreboard_cl_adr0033.TestPendingSetProducerBuffer::test_set_producer_buffers_to_pending	PASS	block-Scoreboard	none			0		
test_scoreboard_cl_adr0033.TestProducerIdInit::test_state_producer_id_all_zero_after_reset	PASS	block-Scoreboard	none			0		
test_scoreboard_cl_adr0033.TestProducerIdInit::test_state_producer_id_exists	PASS	block-Scoreboard	none			0		
test_scoreboard_cl_adr0033.TestResetClearsProducerId::test_sb_reset_clears_producer_id	PASS	block-Scoreboard	none			0		
test_scoreboard_cl_adr0033.TestResetClearsProducerId::test_sim_reset_clears_producer_id	PASS	block-Scoreboard	none			0		
test_scoreboard_cl_adr0033.TestSetProducer::test_set_producer_not_visible_same_cycle	PASS	block-Scoreboard	none			0		
test_scoreboard_cl_adr0033.TestSetProducer::test_set_producer_overwrites_previous	PASS	block-Scoreboard	none			0		
test_scoreboard_cl_adr0033.TestSetProducer::test_set_producer_visible_next_cycle	PASS	block-Scoreboard	none			0		
test_scoreboard_cl_adr0033.TestSetRegClearsProducerId::test_set_reg_clears_producer_id	PASS	block-Scoreboard	none			0		
test_scoreboard_cl_adr0033.TestSetRegClearsProducerId::test_wb_set_req_clears_producer_id	PASS	block-Scoreboard	none			0		
test_scoreboard_cl_adr0033.TestSetRegSquashClearsProducerId::test_set_reg_squash_clears_producer_id	PASS	block-Scoreboard	none			0		
test_scoreboard_cl_adr0033.TestUnsetRegPreservesProducerId::test_unset_reg_preserves_producer_id	PASS	block-Scoreboard	none			0		
test_storage_manager.TestStorageManagerBasic::test_alloc_returns_index	PASS	block-StorageManager	none			0		
test_storage_manager.TestStorageManagerBasic::test_alloc_until_full	PASS	block-StorageManager	none			0		
test_storage_manager.TestStorageManagerBasic::test_get_by_index	PASS	block-StorageManager	none			0		
test_storage_manager.TestStorageManagerBasic::test_get_oldest_returns_head	PASS	block-StorageManager	none			0		
test_storage_manager.TestStorageManagerBasic::test_is_full_and_empty	PASS	block-StorageManager	none			0		
test_storage_manager.TestStorageManagerBasic::test_release_head_fifo	PASS	block-StorageManager	none			0		
test_storage_manager.TestStorageManagerInsertAfter::test_insert_after_combined_with_alloc	PASS	block-StorageManager	none			0		
test_storage_manager.TestStorageManagerInsertAfter::test_insert_after_empty_list	PASS	block-StorageManager	none			0		
test_storage_manager.TestStorageManagerInsertAfter::test_insert_after_head_as_new_head	PASS	block-StorageManager	none			0		
test_storage_manager.TestStorageManagerInsertAfter::test_insert_after_mid_list	PASS	block-StorageManager	none			0		
test_storage_manager.TestStorageManagerInsertAfter::test_insert_after_no_capacity	PASS	block-StorageManager	none			0		
test_storage_manager.TestStorageManagerInsertAfter::test_insert_after_preserves_other_thread	PASS	block-StorageManager	none			0		
test_storage_manager.TestStorageManagerInsertAfter::test_insert_after_reserves_but_does_not_write	PASS	block-StorageManager	none			0		
test_storage_manager.TestStorageManagerInsertAfter::test_insert_after_tail	PASS	block-StorageManager	none			0		
test_storage_manager.TestStorageManagerMultiThread::test_multi_thread_isolation	PASS	block-StorageManager	none			0		
test_storage_manager.TestStorageManagerMultiThread::test_thread_independent_heads	PASS	block-StorageManager	none			0		
test_storage_manager.TestStorageManagerMultiThread::test_thread_reset_isolated	PASS	block-StorageManager	none			0		
test_storage_manager.TestStorageManagerPendingAllocs::test_alloc_prevents_double_reservation	PASS	block-StorageManager	none			0		
test_storage_manager.TestStorageManagerPendingAllocs::test_alloc_reserves_but_does_not_write	PASS	block-StorageManager	none			0		
test_storage_manager.TestStorageManagerPendingAllocs::test_is_full_accounts_for_reserved	PASS	block-StorageManager	none			0		
test_storage_manager.TestStorageManagerPendingAllocs::test_reset_clears_pending	PASS	block-StorageManager	none			0		
test_storage_manager.TestStorageManagerPowerOfTwoConstraint::test_non_power_of_two_raises	PASS	block-StorageManager	none			0		
test_storage_manager.TestStorageManagerPowerOfTwoConstraint::test_power_of_two_ok	PASS	block-StorageManager	none			0		
test_storage_manager.TestStorageManagerReset::test_reset_clears_all	PASS	block-StorageManager	none			0		
test_storage_manager.TestStorageManagerReset::test_reset_tid_none	PASS	block-StorageManager	none			0		
test_storage_manager.TestStorageManagerSquash::test_squash_to_bulk	PASS	block-StorageManager	none			0		
test_storage_manager.TestStorageManagerSquash::test_squash_to_head_keeps_all	PASS	block-StorageManager	none			0		
test_storage_manager.TestStorageManagerSquash::test_squash_to_invalid_anchor_asserts	PASS	block-StorageManager	none			0		
test_store_set_cl.TestCheckInst::test_check_inst_no_prediction_after_reset	PASS	block-StoreSet	none			0		
test_store_set_cl.TestCheckInst::test_check_inst_no_prediction_after_training_only	PASS	block-StoreSet	none			0		
test_store_set_cl.TestCheckInst::test_check_inst_returns_producer_after_training	PASS	block-StoreSet	none			0		
test_store_set_cl.TestClearCounter::test_ssit_cleared_at_threshold	PASS	block-StoreSet	none			0		
test_store_set_cl.TestPopulateLfst::test_populate_lfst_accumulates_multiple	PASS	block-StoreSet	none			0		
test_store_set_cl.TestPopulateLfst::test_populate_lfst_callee_ifc_exists	PASS	block-StoreSet	none			0		
test_store_set_cl.TestPopulateLfst::test_populate_lfst_updates_lfst	PASS	block-StoreSet	none			0		
test_store_set_cl.TestReset::test_clearcounter_zero_after_reset	PASS	block-StoreSet	none			0		
test_store_set_cl.TestReset::test_lfst_all_invalid_after_reset	PASS	block-StoreSet	none			0		
test_store_set_cl.TestReset::test_ssit_all_invalid_after_reset	PASS	block-StoreSet	none			0		
test_store_set_cl.TestReset::test_storelist_empty_after_reset	PASS	block-StoreSet	none			0		
test_store_set_cl.TestSquash::test_squash_callee_ifc_exists	PASS	block-StoreSet	none			0		
test_store_set_cl.TestSquash::test_squash_invalidates_lfst_when_no_survivors	PASS	block-StoreSet	none			0		
test_store_set_cl.TestSquash::test_squash_invalidates_younger_stores	PASS	block-StoreSet	none			0		
test_store_set_cl.TestSquash::test_squash_noop_when_no_younger_stores	PASS	block-StoreSet	none			0		
test_store_set_cl.TestViolation::test_violation_callee_ifc_exists	PASS	block-StoreSet	none			0		
test_store_set_cl.TestViolation::test_violation_increments_clear_counter	PASS	block-StoreSet	none			0		
test_store_set_cl.TestViolation::test_violation_sets_ssit_entries	PASS	block-StoreSet	none			0		
test_store_set_cl.TestViolation::test_violation_two_distinct_storesets	PASS	block-StoreSet	none			0		
test_dcache_fwd_probe_lane::test_cbo_inval_clean_flush_write_nothing	PASS	block-Testbench	none			0		
test_dcache_fwd_probe_lane::test_cbo_zero_covers_block_lanes	PASS	block-Testbench	none			0		
test_dcache_fwd_probe_lane::test_empty_pending_returns_none	PASS	block-Testbench	none			0		
test_dcache_fwd_probe_lane::test_exit_store_suppressed_from_overlay	PASS	block-Testbench	none			0		
test_dcache_fwd_probe_lane::test_lane_merge_partial_stores_youngest_wins_with_memory_fallback	PASS	block-Testbench	none			0		
test_dcache_fwd_probe_lane::test_no_intersection_returns_none	PASS	block-Testbench	none			0		
test_dcache_fwd_probe_lane::test_store_crossing_word_boundary_splits_across_words	PASS	block-Testbench	none			0		
test_dcache_fwd_probe_lane::test_younger_full_store_supersedes_older_partial	PASS	block-Testbench	none			0		
test_integration_run_elf.TestIntegrationCheckpointRestore::test_bne_not_taken_no_squash	PASS	block-Testbench	none			0		
test_integration_run_elf.TestIntegrationCheckpointRestore::test_double_beq_lifo_invalidation	PASS	block-Testbench	none			0		
test_integration_run_elf.TestIntegrationCheckpointRestore::test_jal_then_beq_uses_correct_checkpoint	PASS	block-Testbench	none			0		
test_integration_run_elf.TestIntegrationCheckpointRestore::test_jal_triggers_checkpoint_save	PASS	block-Testbench	none			0		
test_integration_run_elf.TestIntegrationCheckpointRestore::test_taken_beq_mispredict_restores_checkpoint	PASS	block-Testbench	none			0		
test_integration_run_elf.TestIntegrationDebug::test_debug_bare_minimum_exit	PASS	block-Testbench	none			0		
test_integration_run_elf.TestIntegrationDebug::test_debug_single_nop_then_exit	PASS	block-Testbench	none			0		
test_integration_run_elf.TestIntegrationRunElf::test_run_elf_exit_nonzero	PASS	block-Testbench	none			0		
test_integration_run_elf.TestIntegrationRunElf::test_run_elf_exit_zero	PASS	block-Testbench	none			0		
test_integration_run_elf.TestIntegrationRunElf::test_run_elf_nops_then_exit	PASS	block-Testbench	none			0		
test_o3_core_bare_metal_tb_cl.TestConfigurableLatency::test_mem_latency_2_delays_dcache_load_by_2_cycles	PASS	block-Testbench	none			0		
test_o3_core_bare_metal_tb_cl.TestConfigurableLatency::test_tlb_latency_1_default_delays_response_by_1_cycle	PASS	block-Testbench	none			0		
test_o3_core_bare_metal_tb_cl.TestConfigurableLatency::test_tlb_latency_2_delays_response_by_2_cycles	PASS	block-Testbench	none			0		
test_o3_core_bare_metal_tb_cl.TestConstruction::test_constructs_with_exit_addr	PASS	block-Testbench	none			0		
test_o3_core_bare_metal_tb_cl.TestConstruction::test_exposes_core_sub_component	PASS	block-Testbench	none			0		
test_o3_core_bare_metal_tb_cl.TestConstruction::test_exposes_elf_entry	PASS	block-Testbench	none			0		
test_o3_core_bare_metal_tb_cl.TestConstruction::test_exposes_exit_code	PASS	block-Testbench	none			0		
test_o3_core_bare_metal_tb_cl.TestConstruction::test_exposes_halted_flag	PASS	block-Testbench	none			0		
test_o3_core_bare_metal_tb_cl.TestConstruction::test_exposes_pages_memory_dict	PASS	block-Testbench	none			0		
test_o3_core_bare_metal_tb_cl.TestDCacheLoadResponder::test_load_req_4byte_size	PASS	block-Testbench	none			0		
test_o3_core_bare_metal_tb_cl.TestDCacheLoadResponder::test_load_req_returns_data_after_tick	PASS	block-Testbench	none			0		
test_o3_core_bare_metal_tb_cl.TestDCacheStoreResponder::test_store_req_writes_to_memory_after_tick	PASS	block-Testbench	none			0		
test_o3_core_bare_metal_tb_cl.TestDCacheStoreResponder::test_store_to_exit_addr_captures_exit_code	PASS	block-Testbench	none			0		
test_o3_core_bare_metal_tb_cl.TestDCacheStoreResponder::test_store_to_exit_addr_does_not_write_memory	PASS	block-Testbench	none			0		
test_o3_core_bare_metal_tb_cl.TestDCacheStoreResponder::test_store_to_exit_addr_halts_testbench	PASS	block-Testbench	none			0		
test_o3_core_bare_metal_tb_cl.TestDCacheStoreResponder::test_store_to_exit_addr_still_acks_store	PASS	block-Testbench	none			0		
test_o3_core_bare_metal_tb_cl.TestELFLoading::test_load_elf_multiple_segments	PASS	block-Testbench	none			0		
test_o3_core_bare_metal_tb_cl.TestELFLoading::test_load_elf_populates_memory_from_pt_load_segment	PASS	block-Testbench	none			0		
test_o3_core_bare_metal_tb_cl.TestELFLoading::test_load_elf_sets_elf_entry	PASS	block-Testbench	none			0		
test_o3_core_bare_metal_tb_cl.TestICacheFetchResponder::test_icache_req_fault_for_address_outside_loaded_range	PASS	block-Testbench	none			0		
test_o3_core_bare_metal_tb_cl.TestICacheFetchResponder::test_icache_req_fault_on_unloaded_address	PASS	block-Testbench	none			0		
test_o3_core_bare_metal_tb_cl.TestICacheFetchResponder::test_icache_req_no_fault_for_loaded_range	PASS	block-Testbench	none			0		
test_o3_core_bare_metal_tb_cl.TestICacheFetchResponder::test_icache_req_returns_instruction_data_after_tick	PASS	block-Testbench	none			0		
test_o3_core_bare_metal_tb_cl.TestIdentityTLB::test_dtlb_req_returns_identity_paddr_after_one_tick	PASS	block-Testbench	none			0		
test_o3_core_bare_metal_tb_cl.TestIdentityTLB::test_dtlb_resp_uses_identity_translation	PASS	block-Testbench	none			0		
test_o3_core_bare_metal_tb_cl.TestInitialPC::test_cfg_initial_pc_sets_bac_pc	PASS	block-Testbench	none			0		
test_o3_core_bare_metal_tb_cl.TestInitialPC::test_cfg_initial_pc_sets_commit_state_pc	PASS	block-Testbench	none			0		
test_o3_core_bare_metal_tb_cl.TestInitialPC::test_get_pc_returns_cfg_initial_pc	PASS	block-Testbench	none			0		
test_o3_core_bare_metal_tb_cl.TestPagedSparseMemory::test_load_elf_segment_populates_memory	PASS	block-Testbench	none			0		
test_o3_core_bare_metal_tb_cl.TestPagedSparseMemory::test_load_elf_segment_zero_fills_bss	PASS	block-Testbench	none			0		
test_o3_core_bare_metal_tb_cl.TestPagedSparseMemory::test_load_segment_spans_multiple_pages	PASS	block-Testbench	none			0		
test_o3_core_bare_metal_tb_cl.TestPagedSparseMemory::test_read_uninitialized_page_allocates_page	PASS	block-Testbench	none			0		
test_o3_core_bare_metal_tb_cl.TestPagedSparseMemory::test_read_uninitialized_page_returns_zero	PASS	block-Testbench	none			0		
test_o3_core_bare_metal_tb_cl.TestPagedSparseMemory::test_write_byte_boundary	PASS	block-Testbench	none			0		
test_o3_core_bare_metal_tb_cl.TestPagedSparseMemory::test_write_does_not_corrupt_adjacent_bytes	PASS	block-Testbench	none			0		
test_o3_core_bare_metal_tb_cl.TestPagedSparseMemory::test_write_then_read_returns_value	PASS	block-Testbench	none			0		
test_o3_core_bare_metal_tb_cl.TestPagedSparseMemory::test_write_to_uninitialized_page_allocates_page	PASS	block-Testbench	none			0		
test_o3_core_bare_metal_tb_cl.TestRunElfFactory::test_run_elf_raises_timeout_when_no_exit_store	PASS	block-Testbench	none			0		
test_o3_core_bare_metal_tb_cl.TestRunElfFactory::test_run_elf_returns_exit_code_on_halt	PASS	block-Testbench	none			0		
test_o3_core_bare_metal_tb_cl.TestVAProbeCoordinator::test_va_probe_miss_when_no_pa_arrives	PASS	block-Testbench	none			0		
test_o3_core_bare_metal_tb_cl.TestVAProbeCoordinator::test_va_probe_odd_cacheline_misses	PASS	block-Testbench	none			0		
test_o3_core_bare_metal_tb_cl.TestVAProbeCoordinator::test_va_probe_resp_fires_2_cycles_after_req	PASS	block-Testbench	none			0		
test_o3_core_v2.TestCoreBuildsV2Frontend::test_core_frontend_carries_the_v2_blocks	PASS	block-Testbench	none			0		
test_o3_core_v2.TestCoreBuildsV2Frontend::test_core_frontend_is_frontend_v2	PASS	block-Testbench	none			0		
test_o3_core_v2.TestCoreBuildsV2Frontend::test_v2_core_exposes_the_testbench_surface	PASS	block-Testbench	none			0		L9b ACCEPTANCE SCAFFOLD — the v2 core schedules now (F-41 fixed: `FrontendV2` no longer carries the `M(decode_bpu_correction_sink) < M(backward_ctrl)` edge, so the same-cycle loop `M(sink) < M(backward_ctrl) < U(decode.up_dispatch) < M(decode_bpu_correction) = M(sink)` has no leg 2 -- the sink itself stays, and `bac_backward_ctrl` is now an alias of the merging `backward_ctrl` CalleeIfcCL), but `r
test_o3_core_v2.TestElfOnV2Core::test_rv64ui_p_add_passes_on_v2	FAIL	block-Testbench	none			8		[XPASS(strict)] L9b ACCEPTANCE SCAFFOLD — the v2 core schedules now (F-41 fixed: `FrontendV2` no longer carries the `M(decode_bpu_correction_sink) < M(backward_ctrl)` edge, so the same-cycle loop `M(sink) < M(backward_ctrl) < U(decode.up_dispatch) < M(decode_bpu_correction) = M(sink)` has no leg 2 -- the sink itself stays, and `bac_backward_ctrl` is now an alias of the merging `backward_ctrl` Call
test_o3_core_v2.TestElfOnV2Core::test_v2_core_commits_instructions_and_retires_stores	FAIL	block-Testbench	none			8		[XPASS(strict)] L9b ACCEPTANCE SCAFFOLD — the v2 core schedules now (F-41 fixed: `FrontendV2` no longer carries the `M(decode_bpu_correction_sink) < M(backward_ctrl)` edge, so the same-cycle loop `M(sink) < M(backward_ctrl) < U(decode.up_dispatch) < M(decode_bpu_correction) = M(sink)` has no leg 2 -- the sink itself stays, and `bac_backward_ctrl` is now an alias of the merging `backward_ctrl` Call
test_o3_core_v2.TestNackChainOrdering::test_elf_reaches_exit_on_every_schedule_seed	FAIL	block-Testbench	none			48		[XPASS(strict)] L9b ACCEPTANCE SCAFFOLD — the v2 core schedules now (F-41 fixed: `FrontendV2` no longer carries the `M(decode_bpu_correction_sink) < M(backward_ctrl)` edge, so the same-cycle loop `M(sink) < M(backward_ctrl) < U(decode.up_dispatch) < M(decode_bpu_correction) = M(sink)` has no leg 2 -- the sink itself stays, and `bac_backward_ctrl` is now an alias of the merging `backward_ctrl` Call
test_o3_core_v2.TestNackChainOrdering::test_no_seed_stalls_the_frontend	FAIL	block-Testbench	none			47		[XPASS(strict)] L9b ACCEPTANCE SCAFFOLD — the v2 core schedules now (F-41 fixed: `FrontendV2` no longer carries the `M(decode_bpu_correction_sink) < M(backward_ctrl)` edge, so the same-cycle loop `M(sink) < M(backward_ctrl) < U(decode.up_dispatch) < M(decode_bpu_correction) = M(sink)` has no leg 2 -- the sink itself stays, and `bac_backward_ctrl` is now an alias of the merging `backward_ctrl` Call
test_o3_core_v2.TestNackChainOrdering::test_the_sweep_actually_executed_the_frontend	FAIL	block-Testbench	none			9		[XPASS(strict)] L9b ACCEPTANCE SCAFFOLD — the v2 core schedules now (F-41 fixed: `FrontendV2` no longer carries the `M(decode_bpu_correction_sink) < M(backward_ctrl)` edge, so the same-cycle loop `M(sink) < M(backward_ctrl) < U(decode.up_dispatch) < M(decode_bpu_correction) = M(sink)` has no leg 2 -- the sink itself stays, and `bac_backward_ctrl` is now an alias of the merging `backward_ctrl` Call
test_riscv_tests_isa::test_riscv_tests_smoke_add	PASS	block-Testbench	none			8		
test_riscv_tests_isa::test_rv64ui_p[rv64ui-p-add:R-type addition]	PASS	block-Testbench	none			6		
test_riscv_tests_isa::test_rv64ui_p[rv64ui-p-addi:I-type add immediate]	PASS	block-Testbench	none			5		
test_riscv_tests_isa::test_rv64ui_p[rv64ui-p-addiw:IW-type add immediate]	PASS	block-Testbench	none			5		
test_riscv_tests_isa::test_rv64ui_p[rv64ui-p-addw:R-type add word]	PASS	block-Testbench	none			8		
test_riscv_tests_isa::test_rv64ui_p[rv64ui-p-and:R-type AND]	PASS	block-Testbench	none			9		
test_riscv_tests_isa::test_rv64ui_p[rv64ui-p-andi:I-type AND immediate]	PASS	block-Testbench	none			5		
test_riscv_tests_isa::test_rv64ui_p[rv64ui-p-auipc:add upper immediate to PC]	PASS	block-Testbench	none			3		
test_riscv_tests_isa::test_rv64ui_p[rv64ui-p-beq:branch equal]	PASS	block-Testbench	none			8		
test_riscv_tests_isa::test_rv64ui_p[rv64ui-p-bge:branch greater equal]	PASS	block-Testbench	none			9		
test_riscv_tests_isa::test_rv64ui_p[rv64ui-p-bgeu:branch greater equal unsigned]	PASS	block-Testbench	none			9		
test_riscv_tests_isa::test_rv64ui_p[rv64ui-p-blt:branch less than]	PASS	block-Testbench	none			8		
test_riscv_tests_isa::test_rv64ui_p[rv64ui-p-bltu:branch less than unsigned]	PASS	block-Testbench	none			7		
test_riscv_tests_isa::test_rv64ui_p[rv64ui-p-bne:branch not equal]	PASS	block-Testbench	none			7		
test_riscv_tests_isa::test_rv64ui_p[rv64ui-p-fence_i:instruction fence]	PASS	block-Testbench	none			6		
test_riscv_tests_isa::test_rv64ui_p[rv64ui-p-jal:jump and link]	PASS	block-Testbench	none			3		
test_riscv_tests_isa::test_rv64ui_p[rv64ui-p-jalr:jump and link register]	PASS	block-Testbench	none			4		
test_riscv_tests_isa::test_rv64ui_p[rv64ui-p-lb:load byte]	PASS	block-Testbench	none			5		
test_riscv_tests_isa::test_rv64ui_p[rv64ui-p-lbu:load byte unsigned]	PASS	block-Testbench	none			5		
test_riscv_tests_isa::test_rv64ui_p[rv64ui-p-ld:load double]	PASS	block-Testbench	none			7		
test_riscv_tests_isa::test_rv64ui_p[rv64ui-p-lh:load half]	PASS	block-Testbench	none			6		
test_riscv_tests_isa::test_rv64ui_p[rv64ui-p-lhu:load half unsigned]	PASS	block-Testbench	none			6		
test_riscv_tests_isa::test_rv64ui_p[rv64ui-p-lui:load upper immediate]	PASS	block-Testbench	none			3		
test_riscv_tests_isa::test_rv64ui_p[rv64ui-p-lw:load word]	PASS	block-Testbench	none			6		
test_riscv_tests_isa::test_rv64ui_p[rv64ui-p-lwu:load word unsigned]	PASS	block-Testbench	none			6		
test_riscv_tests_isa::test_rv64ui_p[rv64ui-p-or:R-type OR]	PASS	block-Testbench	none			6		
test_riscv_tests_isa::test_rv64ui_p[rv64ui-p-ori:I-type OR immediate]	PASS	block-Testbench	none			5		
test_riscv_tests_isa::test_rv64ui_p[rv64ui-p-sb:store byte]	PASS	block-Testbench	none			7		
test_riscv_tests_isa::test_rv64ui_p[rv64ui-p-sd:store double]	PASS	block-Testbench	none			8		
test_riscv_tests_isa::test_rv64ui_p[rv64ui-p-sh:store half]	PASS	block-Testbench	none			7		
test_riscv_tests_isa::test_rv64ui_p[rv64ui-p-sll:shift left logical]	PASS	block-Testbench	none			8		
test_riscv_tests_isa::test_rv64ui_p[rv64ui-p-slli:shift left logical immediate]	PASS	block-Testbench	none			6		
test_riscv_tests_isa::test_rv64ui_p[rv64ui-p-sllw:shift left logical word]	PASS	block-Testbench	none			9		
test_riscv_tests_isa::test_rv64ui_p[rv64ui-p-slt:set less than]	PASS	block-Testbench	none			8		
test_riscv_tests_isa::test_rv64ui_p[rv64ui-p-slti:set less than immediate]	PASS	block-Testbench	none			5		
test_riscv_tests_isa::test_rv64ui_p[rv64ui-p-sltiu:set less than immediate unsigned]	PASS	block-Testbench	none			4		
test_riscv_tests_isa::test_rv64ui_p[rv64ui-p-sltu:set less than unsigned]	PASS	block-Testbench	none			8		
test_riscv_tests_isa::test_rv64ui_p[rv64ui-p-sra:shift right arithmetic]	PASS	block-Testbench	none			8		
test_riscv_tests_isa::test_rv64ui_p[rv64ui-p-srai:shift right arithmetic immediate]	PASS	block-Testbench	none			5		
test_riscv_tests_isa::test_rv64ui_p[rv64ui-p-sraw:shift right arithmetic word]	PASS	block-Testbench	none			9		
test_riscv_tests_isa::test_rv64ui_p[rv64ui-p-srl:shift right logical]	PASS	block-Testbench	none			9		
test_riscv_tests_isa::test_rv64ui_p[rv64ui-p-srli:shift right logical immediate]	PASS	block-Testbench	none			6		
test_riscv_tests_isa::test_rv64ui_p[rv64ui-p-srlw:shift right logical word]	PASS	block-Testbench	none			6		
test_riscv_tests_isa::test_rv64ui_p[rv64ui-p-sub:R-type subtraction]	PASS	block-Testbench	none			8		
test_riscv_tests_isa::test_rv64ui_p[rv64ui-p-subw:R-type sub word]	PASS	block-Testbench	none			8		
test_riscv_tests_isa::test_rv64ui_p[rv64ui-p-sw:store word]	PASS	block-Testbench	none			8		
test_riscv_tests_isa::test_rv64ui_p[rv64ui-p-xor:R-type XOR]	PASS	block-Testbench	none			6		
test_riscv_tests_isa::test_rv64ui_p[rv64ui-p-xori:I-type XOR immediate]	PASS	block-Testbench	none			5		
test_tlbi_controller_cl.TestEdgeCases::test_second_tlbi_req_after_first_completes	PASS	block-TlbiController	none			0		
test_tlbi_controller_cl.TestEdgeCases::test_sync_comp_before_inv_sent_ignored_or_buffered	PASS	block-TlbiController	none			0		
test_tlbi_controller_cl.TestIntegrationWithLSQ::test_integration_controller_with_lsq	PASS	block-TlbiController	none			0		
test_tlbi_controller_cl.TestInvSent::test_inv_sent_after_in_flight	PASS	block-TlbiController	none			0		
test_tlbi_controller_cl.TestMultipleTids::test_multiple_tids_independent	PASS	block-TlbiController	none			0		
test_tlbi_controller_cl.TestTlbiComplete::test_no_spurious_complete_without_sync_comp	PASS	block-TlbiController	none			0		
test_tlbi_controller_cl.TestTlbiComplete::test_state_cleared_after_complete	PASS	block-TlbiController	none			0		
test_tlbi_controller_cl.TestTlbiComplete::test_tlbi_complete_after_sync_comp	PASS	block-TlbiController	none			0		
test_tlbi_controller_cl.TestTlbiReq::test_tlbi_req_committed_in_update_ff	PASS	block-TlbiController	none			0		
test_tlbi_controller_cl.TestTlbiReq::test_tlbi_req_does_not_fire_immediately	PASS	block-TlbiController	none			0		
test_tlbi_controller_cl.TestTlbiReq::test_tlbi_req_sets_pending	PASS	block-TlbiController	none			0		
test_write_back_cl.TestBranchForwarding::test_mispredict_calls_wb_mispredict	PASS	block-WriteBack	none			0		
test_write_back_cl.TestBranchForwarding::test_no_mispredict_no_call	PASS	block-WriteBack	none			0		
test_write_back_cl.TestBranchForwarding::test_squashed_mispredict_not_forwarded	PASS	block-WriteBack	none			0		
test_write_back_cl.TestCSRWrite::test_csr_write_called_when_csr_write_valid_true	PASS	block-WriteBack	none			0		
test_write_back_cl.TestCSRWrite::test_csr_write_skipped_when_csr_write_valid_false	PASS	block-WriteBack	none			0		
test_write_back_cl.TestCSRWrite::test_squashed_csr_write_skipped	PASS	block-WriteBack	none			0		
test_write_back_cl.TestCSRWrite::test_wb_csr_write_port_exists	PASS	block-WriteBack	none			0		
test_write_back_cl.TestDecrWbOutstanding::test_normal_completion_ignores_decr_wb_outstanding	PASS	block-WriteBack	none			0		
test_write_back_cl.TestDirectComplete::test_direct_complete_buffers_completion	PASS	block-WriteBack	none			0		
test_write_back_cl.TestDirectComplete::test_direct_complete_calls_rf_write	PASS	block-WriteBack	none			0		
test_write_back_cl.TestDirectComplete::test_direct_complete_decrements_counter	PASS	block-WriteBack	none			0		
test_write_back_cl.TestDirectComplete::test_direct_complete_marks_slot_processed	PASS	block-WriteBack	none			0		
test_write_back_cl.TestDirectComplete::test_direct_complete_port_exists	PASS	block-WriteBack	none			0		
test_write_back_cl.TestDirectComplete::test_direct_complete_squashed_skips_rf_write	PASS	block-WriteBack	none			0		
test_write_back_cl.TestFaultForwarding::test_fault_calls_wb_fault	PASS	block-WriteBack	none			0		
test_write_back_cl.TestFaultForwarding::test_no_fault_no_call	PASS	block-WriteBack	none			0		
test_write_back_cl.TestFuComplete::test_fu_complete_buffers_into_pending	PASS	block-WriteBack	none			0		
test_write_back_cl.TestFuComplete::test_multiple_completions_buffered	PASS	block-WriteBack	none			0		
test_write_back_cl.TestFuCompleteBundle::test_bundle_construct_with_wbinfo	PASS	block-WriteBack	none			0		
test_write_back_cl.TestFuCompleteBundle::test_bundle_has_branch_fields	PASS	block-WriteBack	none			0		
test_write_back_cl.TestFuCompleteBundle::test_bundle_has_fault_fields	PASS	block-WriteBack	none			0		
test_write_back_cl.TestFuCompleteBundle::test_bundle_has_squashed_field	PASS	block-WriteBack	none			0		
test_write_back_cl.TestFuCompleteBundle::test_bundle_has_wbinfo_field	PASS	block-WriteBack	none			0		
test_write_back_cl.TestFuCompleteBundle::test_bundle_no_trap_fields	PASS	block-WriteBack	none			0		
test_write_back_cl.TestFuCompleteBundle::test_bundle_wbinfo_defaults_to_empty	PASS	block-WriteBack	none			0		
test_write_back_cl.TestInFlightCounter::test_after_reset_counter_is_zero	PASS	block-WriteBack	none			0		
test_write_back_cl.TestInFlightCounter::test_after_reset_squash_boundary_is_zero	PASS	block-WriteBack	none			0		
test_write_back_cl.TestInFlightCounter::test_fu_complete_decrements_counter	PASS	block-WriteBack	none			0		
test_write_back_cl.TestInFlightCounter::test_ic_squash_updates_boundary	PASS	block-WriteBack	none			0		
test_write_back_cl.TestInFlightCounter::test_ro_inst_issued_increments_counter	PASS	block-WriteBack	none			0		
test_write_back_cl.TestIndividualParams::test_rf_write_called_with_two_individual_args	PASS	block-WriteBack	none			0		
test_write_back_cl.TestIndividualParams::test_wb_csr_write_called_with_three_individual_args	PASS	block-WriteBack	none			0		
test_write_back_cl.TestIndividualParams::test_wb_fault_called_with_three_individual_args	PASS	block-WriteBack	none			0		
test_write_back_cl.TestIndividualParams::test_wb_mispredict_called_with_four_individual_args	PASS	block-WriteBack	none			0		
test_write_back_cl.TestIndividualParams::test_wb_rob_update_called_with_single_wbtorobupdate_object	PASS	block-WriteBack	none			0		
test_write_back_cl.TestInterfaces::test_caller_ports_exist	PASS	block-WriteBack	none			0		
test_write_back_cl.TestInterfaces::test_fu_complete_callee_exists	PASS	block-WriteBack	none			0		
test_write_back_cl.TestLSQBackpressure::test_lsq_rdy_false_when_buffer_full	PASS	block-WriteBack	none			0		
test_write_back_cl.TestLSQBackpressure::test_lsq_rdy_recovers_after_process	PASS	block-WriteBack	none			0		
test_write_back_cl.TestLSQBackpressure::test_lsq_rdy_true_when_buffer_has_space	PASS	block-WriteBack	none			0		
test_write_back_cl.TestLSQBackpressure::test_lsq_rejected_when_rdy_false	PASS	block-WriteBack	none			0		
test_write_back_cl.TestLSQBackpressure::test_squashed_completion_skips_rf_write	PASS	block-WriteBack	none			0		
test_write_back_cl.TestLSQExecuteResp::test_lsq_execute_resp_callee_exists	PASS	block-WriteBack	none			0		
test_write_back_cl.TestLSQExecuteResp::test_lsq_load_completion_calls_rf_write	PASS	block-WriteBack	none			0		
test_write_back_cl.TestLSQExecuteResp::test_lsq_store_completion_no_rf_write	PASS	block-WriteBack	none			0		
test_write_back_cl.TestPendingWBQueue::test_fifo_order_preserved	PASS	block-WriteBack	none			0		
test_write_back_cl.TestPendingWBQueue::test_pop_time_squash_with_writeback_width	PASS	block-WriteBack	none			0		
test_write_back_cl.TestPendingWBQueue::test_writeback_width_does_not_drop_completions	PASS	block-WriteBack	none			0		
test_write_back_cl.TestPendingWBQueue::test_writeback_width_limits_processing_per_cycle	PASS	block-WriteBack	none			0		
test_write_back_cl.TestPerClassCrossbar::test_class_of_phys_reg_helper	PASS	block-WriteBack	none			0		
test_write_back_cl.TestPerClassCrossbar::test_float_class_dest_routes_to_float_port	PASS	block-WriteBack	none			0		
test_write_back_cl.TestPerClassCrossbar::test_int_class_dest_routes_to_int_port	PASS	block-WriteBack	none			0		
test_write_back_cl.TestPerClassCrossbar::test_int_dest_does_not_route_to_float_port	PASS	block-WriteBack	none			0		
test_write_back_cl.TestPerClassCrossbar::test_multi_dest_different_classes_route_to_different_ports	PASS	block-WriteBack	none			0		
test_write_back_cl.TestPerClassCrossbar::test_two_int_dests_use_two_int_ports	PASS	block-WriteBack	none			0		
test_write_back_cl.TestProcessing::test_invalid_slot_skipped	PASS	block-WriteBack	none			0		
test_write_back_cl.TestProcessing::test_process_clears_after_next_tick	PASS	block-WriteBack	none			0		
test_write_back_cl.TestProcessing::test_process_marks_processed	PASS	block-WriteBack	none			0		
test_write_back_cl.TestROBUpdate::test_fault_forwarded_in_rob_update	PASS	block-WriteBack	none			0		
test_write_back_cl.TestROBUpdate::test_normal_completion_calls_wb_rob_update	PASS	block-WriteBack	none			0		
test_write_back_cl.TestROBUpdate::test_squashed_completion_skips_rob_update	PASS	block-WriteBack	none			0		
test_write_back_cl.TestReset::test_after_reset_all_slots_empty	PASS	block-WriteBack	none			0		
test_write_back_cl.TestReset::test_after_reset_next_slot_zero	PASS	block-WriteBack	none			0		
test_write_back_cl.TestRfWriteSetReg::test_multi_dest_completion_calls_rf_write_per_dest	PASS	block-WriteBack	none			0		
test_write_back_cl.TestRfWriteSetReg::test_normal_completion_calls_rf_write_with_dest_phys_reg	PASS	block-WriteBack	none			0		
test_write_back_cl.TestRfWriteSetReg::test_normal_completion_does_not_fire_sb_setreg	PASS	block-WriteBack	none			0		
test_write_back_cl.TestRfWriteSetReg::test_squashed_completion_skips_rf_write	PASS	block-WriteBack	none			0		
test_write_back_cl.TestSquashAtCompletion::test_seqnum_above_boundary_skips_rf_write	PASS	block-WriteBack	none			0		
test_write_back_cl.TestSquashBoundaryAutoClear::test_boundary_cleared_after_all_inflight_drained	PASS	block-WriteBack	none			0		
test_write_back_cl.TestSquashBoundaryAutoClear::test_boundary_not_cleared_while_completion_in_buffer	PASS	block-WriteBack	none			0		
test_write_back_cl.TestSquashBoundaryAutoClear::test_boundary_not_cleared_while_inflight_remaining	PASS	block-WriteBack	none			0		
test_write_back_cl.TestSquashedBypass::test_squashed_marks_slot_processed	PASS	block-WriteBack	none			0		
test_write_back_cl.TestWBInfo::test_wbinfo_construct_with_values	PASS	block-WriteBack	none			0		
test_write_back_cl.TestWBInfo::test_wbinfo_dest_phys_reg_defaults_to_zero	PASS	block-WriteBack	none			0		
test_write_back_cl.TestWBInfo::test_wbinfo_has_csr_num_field	PASS	block-WriteBack	none			0		
test_write_back_cl.TestWBInfo::test_wbinfo_has_csr_write_valid_field	PASS	block-WriteBack	none			0		
test_write_back_cl.TestWBInfo::test_wbinfo_has_dest_phys_reg_field	PASS	block-WriteBack	none			0		
test_write_back_cl.TestWBInfo::test_wbinfo_has_flags_field	PASS	block-WriteBack	none			0		
test_write_back_cl.TestWritePortOverflowProtection::test_overflow_bypass_query_returns_hit_for_overflow_completion	PASS	block-WriteBack	none			0		
test_write_back_cl.TestWritePortOverflowProtection::test_overflow_does_not_crash	PASS	block-WriteBack	none			0		
test_write_back_cl.TestWritePortOverflowProtection::test_overflow_drops_excess_rf_write	PASS	block-WriteBack	none			0		
test_write_back_cl_adr0033_primary.TestBypassQueryInterface::test_bypass_query_misses_for_squashed_completion	PASS	block-WriteBack	none			0		
test_write_back_cl_adr0033_primary.TestBypassQueryInterface::test_bypass_query_port_exists	PASS	block-WriteBack	none			0		
test_write_back_cl_adr0033_primary.TestBypassQueryInterface::test_bypass_query_returns_hit_for_matching_phys_reg	PASS	block-WriteBack	none			0		
test_write_back_cl_adr0033_primary.TestBypassQueryInterface::test_bypass_query_returns_hit_for_second_dest	PASS	block-WriteBack	none			0		
test_write_back_cl_adr0033_primary.TestBypassQueryInterface::test_bypass_query_returns_miss_for_unknown_phys_reg	PASS	block-WriteBack	none			0		
test_write_back_cl_adr0033_primary.TestBypassQueryInterface::test_bypass_query_returns_miss_when_buf_empty	PASS	block-WriteBack	none			0		
test_write_back_cl_adr0033_primary.TestSbSetRegRemovedFromWriteBack::test_normal_completion_does_not_fire_sb_setReg	PASS	block-WriteBack	none			0		
test_write_back_cl_adr0033_primary.TestSbSetRegRemovedFromWriteBack::test_sb_setReg_caller_ifc_removed	PASS	block-WriteBack	none			0		
hypervisor-p-2-stage_translation	PASS	p-	none		1374	13	458058545	(13s) cyc=1374
hypervisor-p-2-stage_translation_implicit_load_error	PASS	p-	none		1656	15	105766239	(15s) cyc=1656
hypervisor-p-2-stage_translation_implicit_load_error_hs	PASS	p-	none		1831	15	730412967	(15s) cyc=1831
hypervisor-svadu-p-2-stage_translation_implicit_store_error	PASS	p-	none		1777	15	100958147	(15s) cyc=1777
hypervisor-svadu-p-2-stage_translation_implicit_store_error_hs	PASS	p-	none		1944	14	186562142	(14s) cyc=1944
rv64mi-p-breakpoint	PASS	p-	none		3480	23	859866530	(23s) cyc=3480
rv64mi-p-csr	PASS	p-	none		3535	24	538270957	(24s) cyc=3535
rv64mi-p-illegal	PASS	p-	none		4575	29	556720939	(29s) cyc=4575
rv64mi-p-instret_overflow	PASS	p-	none		1258	10	338181030	(10s) cyc=1258
rv64mi-p-ld-misaligned	PASS	p-	none		1386	10	424480083	(10s) cyc=1386
rv64mi-p-lh-misaligned	PASS	p-	none		1102	9	601428929	(9s) cyc=1102
rv64mi-p-lw-misaligned	PASS	p-	none		1171	10	153664703	(10s) cyc=1171
rv64mi-p-ma_addr	PASS	p-	none		1540	12	194529594	(12s) cyc=1540
rv64mi-p-ma_fetch	PASS	p-	none		1939	14	547050857	(14s) cyc=1939
rv64mi-p-mcsr	PASS	p-	none		1342	10	778157250	(10s) cyc=1342
rv64mi-p-pmpaddr	PASS	p-	none		1185	9	805906316	(9s) cyc=1185
rv64mi-p-sbreak	PASS	p-	none		1312	10	162658240	(10s) cyc=1312
rv64mi-p-scall	PASS	p-	none		1259	10	396951177	(10s) cyc=1259
rv64mi-p-sd-misaligned	PASS	p-	none		1436	11	130301703	(11s) cyc=1436
rv64mi-p-sh-misaligned	PASS	p-	none		1109	9	602022361	(9s) cyc=1109
rv64mi-p-sw-misaligned	PASS	p-	none		1150	9	447777499	(9s) cyc=1150
rv64mi-p-zicntr	PASS	p-	none		1439	12	519879887	(12s) cyc=1439
rv64mzicbo-p-zero	PASS	p-	none		1160	10	626495903	(10s) cyc=1160
rv64si-p-csr	PASS	p-	none		2277	17	516373514	(17s) cyc=2277
rv64si-p-dirty	PASS	p-	none		2337	17	417150222	(17s) cyc=2337
rv64si-p-icache-alias	PASS	p-	none		2385	16	721121622	(16s) cyc=2385
rv64si-p-ma_fetch	PASS	p-	none		1374	10	548964327	(10s) cyc=1374
rv64si-p-sbreak	PASS	p-	none		1325	10	956471676	(10s) cyc=1325
rv64si-p-scall	PASS	p-	none		1443	11	966924149	(11s) cyc=1443
rv64si-p-wfi	PASS	p-	none		1173	9	505282795	(9s) cyc=1173
rv64ssvnapot-p-napot	PASS	p-	none		1658	13	200663857	(13s) cyc=1658
rv64ua-p-amoadd_d	PASS	p-	none		1081	9	406990022	(9s) cyc=1081
rv64ua-p-amoadd_w	PASS	p-	none		1120	9	44487672	(9s) cyc=1120
rv64ua-p-amoand_d	PASS	p-	none		1121	9	901977805	(9s) cyc=1121
rv64ua-p-amoand_w	PASS	p-	none		1117	8	339268109	(8s) cyc=1117
rv64ua-p-amomax_d	PASS	p-	none		1077	9	191073075	(9s) cyc=1077
rv64ua-p-amomax_w	PASS	p-	none		1100	9	689588083	(9s) cyc=1100
rv64ua-p-amomaxu_d	PASS	p-	none		1077	8	636395821	(8s) cyc=1077
rv64ua-p-amomaxu_w	PASS	p-	none		1100	9	202330591	(9s) cyc=1100
rv64ua-p-amomin_d	PASS	p-	none		1077	9	30869283	(9s) cyc=1077
rv64ua-p-amomin_w	PASS	p-	none		1100	8	520885738	(8s) cyc=1100
rv64ua-p-amominu_d	PASS	p-	none		1077	9	966612063	(9s) cyc=1077
rv64ua-p-amominu_w	PASS	p-	none		1100	9	316564134	(9s) cyc=1100
rv64ua-p-amoor_d	PASS	p-	none		1117	9	530071071	(9s) cyc=1117
rv64ua-p-amoor_w	PASS	p-	none		1117	10	21955295	(10s) cyc=1117
rv64ua-p-amoswap_d	PASS	p-	none		1121	9	453582292	(9s) cyc=1121
rv64ua-p-amoswap_w	PASS	p-	none		1117	9	802680098	(9s) cyc=1117
rv64ua-p-amoxor_d	PASS	p-	none		1125	9	16435849	(9s) cyc=1125
rv64ua-p-amoxor_w	PASS	p-	none		1129	9	501239888	(9s) cyc=1129
rv64ua-p-lrsc	TIMEOUT	p-	none			304	936692101	
rv64uc-p-rvc	PASS	p-	none		1586	11	701688303	(11s) cyc=1586
rv64ud-p-fadd	PASS	p-	none		1913	14	534713059	(14s) cyc=1913
rv64ud-p-fclass	PASS	p-	none		1233	10	277344639	(10s) cyc=1233
rv64ud-p-fcmp	PASS	p-	none		2231	16	967284262	(16s) cyc=2231
rv64ud-p-fcvt	PASS	p-	none		1841	13	229244478	(13s) cyc=1841
rv64ud-p-fcvt_w	PASS	p-	none		3801	26	543987691	(26s) cyc=3801
rv64ud-p-fdiv	PASS	p-	none		1739	13	941275632	(13s) cyc=1739
rv64ud-p-fmadd	PASS	p-	none		2070	15	137200525	(15s) cyc=2070
rv64ud-p-fmin	PASS	p-	none		2541	19	904558338	(19s) cyc=2541
rv64ud-p-ldst	PASS	p-	none		1172	10	589203597	(10s) cyc=1172
rv64ud-p-move	PASS	p-	none		2696	20	260079354	(20s) cyc=2696
rv64ud-p-recoding	PASS	p-	none		1245	10	808667212	(10s) cyc=1245
rv64ud-p-structural	PASS	p-	none		2030	14	584631978	(14s) cyc=2030
rv64uf-p-fadd	PASS	p-	none		1913	14	993633157	(14s) cyc=1913
rv64uf-p-fclass	PASS	p-	none		1217	9	507868150	(9s) cyc=1217
rv64uf-p-fcmp	PASS	p-	none		2231	17	491586378	(17s) cyc=2231
rv64uf-p-fcvt	PASS	p-	none		1630	13	901001515	(13s) cyc=1630
rv64uf-p-fcvt_w	PASS	p-	none		3428	25	236600722	(25s) cyc=3428
rv64uf-p-fdiv	PASS	p-	none		1663	13	391803513	(13s) cyc=1663
rv64uf-p-fmadd	PASS	p-	none		2070	16	219007174	(16s) cyc=2070
rv64uf-p-fmin	PASS	p-	none		2541	19	593125990	(19s) cyc=2541
rv64uf-p-ldst	PASS	p-	none		1183	10	843671508	(10s) cyc=1183
rv64uf-p-move	PASS	p-	none		1817	14	506163311	(14s) cyc=1817
rv64uf-p-recoding	PASS	p-	none		1198	9	673172970	(9s) cyc=1198
rv64ui-p-add	PASS	p-	none		2453	18	697305991	(18s) cyc=2453
rv64ui-p-addi	PASS	p-	none		1630	13	383904342	(13s) cyc=1630
rv64ui-p-addiw	PASS	p-	none		1621	13	381534416	(13s) cyc=1621
rv64ui-p-addw	PASS	p-	none		2443	17	382903173	(17s) cyc=2443
rv64ui-p-and	PASS	p-	none		2613	19	509884565	(19s) cyc=2613
rv64ui-p-andi	PASS	p-	none		1609	12	355214506	(12s) cyc=1609
rv64ui-p-auipc	PASS	p-	none		1053	9	977330090	(9s) cyc=1053
rv64ui-p-beq	PASS	p-	none		2427	18	64155660	(18s) cyc=2427
rv64ui-p-bge	PASS	p-	none		2726	19	355555239	(19s) cyc=2726
rv64ui-p-bgeu	PASS	p-	none		2956	21	815578102	(21s) cyc=2956
rv64ui-p-blt	PASS	p-	none		2429	18	347944116	(18s) cyc=2429
rv64ui-p-bltu	PASS	p-	none		2643	19	924313945	(19s) cyc=2643
rv64ui-p-bne	PASS	p-	none		2482	18	135565066	(18s) cyc=2482
rv64ui-p-fence_i	PASS	p-	none		2097	15	547845931	(15s) cyc=2097
rv64ui-p-jal	PASS	p-	none		1049	8	913243690	(8s) cyc=1049
rv64ui-p-jalr	PASS	p-	none		1550	12	127380182	(12s) cyc=1550
rv64ui-p-lb	PASS	p-	none		1671	13	947296807	(13s) cyc=1671
rv64ui-p-lbu	PASS	p-	none		1671	12	605948656	(12s) cyc=1671
rv64ui-p-ld	PASS	p-	none		2066	15	595325304	(15s) cyc=2066
rv64ui-p-ld_st	PASS	p-	none		4467	31	597597694	(31s) cyc=4467
rv64ui-p-lh	PASS	p-	none		1711	14	522186100	(14s) cyc=1711
rv64ui-p-lhu	PASS	p-	none		1717	12	791797190	(12s) cyc=1717
rv64ui-p-lui	PASS	p-	none		1065	8	900315880	(8s) cyc=1065
rv64ui-p-lw	PASS	p-	none		1731	14	16921912	(14s) cyc=1731
rv64ui-p-lwu	PASS	p-	none		1797	14	485406747	(14s) cyc=1797
rv64ui-p-ma_data	PASS	p-	none		7718	48	335968536	(48s) cyc=7718
rv64ui-p-or	PASS	p-	none		2670	19	184792746	(19s) cyc=2670
rv64ui-p-ori	PASS	p-	none		1591	12	319696113	(12s) cyc=1591
rv64ui-p-sb	PASS	p-	none		2292	16	119486957	(16s) cyc=2292
rv64ui-p-sd	PASS	p-	none		2616	19	892864573	(19s) cyc=2616
rv64ui-p-sh	PASS	p-	none		2362	17	761579687	(17s) cyc=2362
rv64ui-p-simple	PASS	p-	none		1003	8	717432953	(8s) cyc=1003
rv64ui-p-sll	PASS	p-	none		2573	18	414053246	(18s) cyc=2573
rv64ui-p-slli	PASS	p-	none		1691	12	948229434	(12s) cyc=1691
rv64ui-p-slliw	PASS	p-	none		1685	12	711608092	(12s) cyc=1685
rv64ui-p-sllw	PASS	p-	none		2577	19	109355141	(19s) cyc=2577
rv64ui-p-slt	PASS	p-	none		2431	18	996059055	(18s) cyc=2431
rv64ui-p-slti	PASS	p-	none		1617	13	691632386	(13s) cyc=1617
rv64ui-p-sltiu	PASS	p-	none		1617	12	866910864	(12s) cyc=1617
rv64ui-p-sltu	PASS	p-	none		2469	17	672255201	(17s) cyc=2469
rv64ui-p-sra	PASS	p-	none		2523	18	570693617	(18s) cyc=2523
rv64ui-p-srai	PASS	p-	none		1654	13	838158987	(13s) cyc=1654
rv64ui-p-sraiw	PASS	p-	none		1755	12	103842800	(12s) cyc=1755
rv64ui-p-sraw	PASS	p-	none		2595	19	928591223	(19s) cyc=2595
rv64ui-p-srl	PASS	p-	none		2619	18	756660952	(18s) cyc=2619
rv64ui-p-srli	PASS	p-	none		1715	13	707678252	(13s) cyc=1715
rv64ui-p-srliw	PASS	p-	none		1703	13	602402977	(13s) cyc=1703
rv64ui-p-srlw	PASS	p-	none		2583	18	56962511	(18s) cyc=2583
rv64ui-p-st_ld	PASS	p-	none		1993	15	726931264	(15s) cyc=1993
rv64ui-p-sub	PASS	p-	none		2437	17	329523127	(17s) cyc=2437
rv64ui-p-subw	PASS	p-	none		2429	17	282680974	(17s) cyc=2429
rv64ui-p-sw	PASS	p-	none		2382	16	381537405	(16s) cyc=2382
rv64ui-p-xor	PASS	p-	none		2664	19	92063610	(19s) cyc=2664
rv64ui-p-xori	PASS	p-	none		1595	13	193990613	(13s) cyc=1595
rv64um-p-div	PASS	p-	none		1157	10	542882283	(10s) cyc=1157
rv64um-p-divu	PASS	p-	none		1167	9	641265404	(9s) cyc=1167
rv64um-p-divuw	PASS	p-	none		1147	10	469150364	(10s) cyc=1147
rv64um-p-divw	PASS	p-	none		1139	9	328607474	(9s) cyc=1139
rv64um-p-mul	PASS	p-	none		2461	18	454886532	(18s) cyc=2461
rv64um-p-mulh	PASS	p-	none		2471	17	985695576	(17s) cyc=2471
rv64um-p-mulhsu	PASS	p-	none		2471	17	649125606	(17s) cyc=2471
rv64um-p-mulhu	PASS	p-	none		2531	18	911585062	(18s) cyc=2531
rv64um-p-mulw	PASS	p-	none		2329	16	549214047	(16s) cyc=2329
rv64um-p-rem	PASS	p-	none		1131	9	29761735	(9s) cyc=1131
rv64um-p-remu	PASS	p-	none		1133	9	241489982	(9s) cyc=1133
rv64um-p-remuw	PASS	p-	none		1129	9	911302853	(9s) cyc=1129
rv64um-p-remw	PASS	p-	none		1139	9	560185424	(9s) cyc=1139
rv64uzba-p-add_uw	PASS	p-	none		2455	17	338029525	(17s) cyc=2455
rv64uzba-p-sh1add	PASS	p-	none		2461	17	361751300	(17s) cyc=2461
rv64uzba-p-sh1add_uw	PASS	p-	none		2469	17	205046449	(17s) cyc=2469
rv64uzba-p-sh2add	PASS	p-	none		2461	17	936451160	(17s) cyc=2461
rv64uzba-p-sh2add_uw	PASS	p-	none		2469	17	958080483	(17s) cyc=2469
rv64uzba-p-sh3add	PASS	p-	none		2461	17	745604060	(17s) cyc=2461
rv64uzba-p-sh3add_uw	PASS	p-	none		2469	17	635350806	(17s) cyc=2469
rv64uzba-p-slli_uw	PASS	p-	none		1719	13	294242977	(13s) cyc=1719
rv64uzbb-p-andn	PASS	p-	none		2655	18	701383912	(18s) cyc=2655
rv64uzbb-p-clz	PASS	p-	none		1497	11	911009582	(11s) cyc=1497
rv64uzbb-p-clzw	PASS	p-	none		1465	11	457829356	(11s) cyc=1465
rv64uzbb-p-cpop	PASS	p-	none		1497	11	156947114	(11s) cyc=1497
rv64uzbb-p-cpopw	PASS	p-	none		1465	11	680187896	(11s) cyc=1465
rv64uzbb-p-ctz	PASS	p-	none		1497	11	596724582	(11s) cyc=1497
rv64uzbb-p-ctzw	PASS	p-	none		1467	11	351287365	(11s) cyc=1467
rv64uzbb-p-max	PASS	p-	none		2441	18	487232322	(18s) cyc=2441
rv64uzbb-p-maxu	PASS	p-	none		2503	18	305671622	(18s) cyc=2503
rv64uzbb-p-min	PASS	p-	none		2433	17	367111091	(17s) cyc=2433
rv64uzbb-p-minu	PASS	p-	none		2481	18	687478956	(18s) cyc=2481
rv64uzbb-p-orc_b	PASS	p-	none		1539	12	859331346	(12s) cyc=1539
rv64uzbb-p-orn	PASS	p-	none		2673	18	867539664	(18s) cyc=2673
rv64uzbb-p-rev8	PASS	p-	none		1572	12	19926896	(12s) cyc=1572
rv64uzbb-p-rol	PASS	p-	none		2583	18	508873485	(18s) cyc=2583
rv64uzbb-p-rolw	PASS	p-	none		2585	18	449405302	(18s) cyc=2585
rv64uzbb-p-ror	PASS	p-	none		2645	18	253735664	(18s) cyc=2645
rv64uzbb-p-rori	PASS	p-	none		1712	13	920762314	(13s) cyc=1712
rv64uzbb-p-roriw	PASS	p-	none		1625	12	78612598	(12s) cyc=1625
rv64uzbb-p-rorw	PASS	p-	none		2513	18	841850924	(18s) cyc=2513
rv64uzbb-p-sext_b	PASS	p-	none		1497	11	208285791	(11s) cyc=1497
rv64uzbb-p-sext_h	PASS	p-	none		1503	11	831507777	(11s) cyc=1503
rv64uzbb-p-xnor	PASS	p-	none		2671	19	768478233	(19s) cyc=2671
rv64uzbb-p-zext_h	PASS	p-	none		1509	12	901365968	(12s) cyc=1509
rv64uzbc-p-clmul	PASS	p-	none		2463	17	486179627	(17s) cyc=2463
rv64uzbc-p-clmulh	PASS	p-	none		2473	18	801155578	(18s) cyc=2473
rv64uzbc-p-clmulr	PASS	p-	none		2469	17	248586797	(17s) cyc=2469
rv64uzbkb-p-brev8	PASS	p-	none		1537	11	855401634	(11s) cyc=1537
rv64uzbkb-p-pack	PASS	p-	none		2913	21	462272254	(21s) cyc=2913
rv64uzbkb-p-packh	PASS	p-	none		2583	18	325051309	(18s) cyc=2583
rv64uzbkb-p-packw	PASS	p-	none		2443	18	214048643	(18s) cyc=2443
rv64uzbkx-p-xperm4	PASS	p-	none		2767	20	697754344	(20s) cyc=2767
rv64uzbkx-p-xperm8	PASS	p-	none		3598	24	403033610	(24s) cyc=3598
rv64uzbs-p-bclr	PASS	p-	none		2796	19	253774003	(19s) cyc=2796
rv64uzbs-p-bclri	PASS	p-	none		1779	13	408763583	(13s) cyc=1779
rv64uzbs-p-bext	PASS	p-	none		2661	18	587903396	(18s) cyc=2661
rv64uzbs-p-bexti	PASS	p-	none		1711	12	399198433	(12s) cyc=1711
rv64uzbs-p-binv	PASS	p-	none		2631	19	197398719	(19s) cyc=2631
rv64uzbs-p-binvi	PASS	p-	none		1715	13	672890388	(13s) cyc=1715
rv64uzbs-p-bset	PASS	p-	none		2800	20	158178809	(20s) cyc=2800
rv64uzbs-p-bseti	PASS	p-	none		1793	14	61131090	(14s) cyc=1793
rv64uzfh-p-fadd	PASS	p-	none		1913	14	913960547	(14s) cyc=1913
rv64uzfh-p-fclass	PASS	p-	none		1218	9	545139388	(9s) cyc=1218
rv64uzfh-p-fcmp	PASS	p-	none		1565	11	409483431	(11s) cyc=1565
rv64uzfh-p-fcvt	PASS	p-	none		1803	13	301782	(13s) cyc=1803
rv64uzfh-p-fcvt_w	PASS	p-	none		3428	24	276258960	(24s) cyc=3428
rv64uzfh-p-fdiv	PASS	p-	none		1663	12	507331928	(12s) cyc=1663
rv64uzfh-p-fmadd	PASS	p-	none		2070	15	232766976	(15s) cyc=2070
rv64uzfh-p-fmin	PASS	p-	none		2541	18	325773723	(18s) cyc=2541
rv64uzfh-p-ldst	PASS	p-	none		1194	9	83579933	(9s) cyc=1194
rv64uzfh-p-move	PASS	p-	none		1812	14	412965746	(14s) cyc=1812
rv64uzfh-p-recoding	PASS	p-	none		1198	10	800640455	(10s) cyc=1198
rv64uziccid-p-ziccid	ERROR	p-	none			19	493934621	exit=None cycles=-1 status=ERROR
rv64uzicond-p-czero_eqz	PASS	p-	none		2389	12	600765085	(12s) cyc=2389
rv64uzicond-p-czero_nez	PASS	p-	none		2377	13	504968883	(13s) cyc=2377
rv64ua-v-amoadd_d	PASS	v-	15/18		23918	149	734905406	(149s) cyc=23918
rv64ua-v-amoadd_w	PASS	v-	16/18		23957	120	371160188	(120s) cyc=23957
rv64ua-v-amoand_d	PASS	v-	17/18		24016	153	706343568	(153s) cyc=24016
rv64ua-v-amoand_w	PASS	v-	18/18		24016	117	137779573	(117s) cyc=24016
rv64ua-v-amomax_d	PASS	v-	1/18		23870	143	384772263	(143s) cyc=23870
rv64ua-v-amomax_w	PASS	v-	4/18		23898	143	881044400	(143s) cyc=23898
rv64ua-v-amomaxu_d	PASS	v-	2/18		23870	85	898278480	(85s) cyc=23870
rv64ua-v-amomaxu_w	PASS	v-	3/18		23898	144	500799708	(144s) cyc=23898
rv64ua-v-amomin_d	PASS	v-	5/18		23870	112	564474735	(112s) cyc=23870
rv64ua-v-amomin_w	PASS	v-	8/18		24042	148	43248285	(148s) cyc=24042
rv64ua-v-amominu_d	PASS	v-	6/18		23919	159	234306400	(159s) cyc=23919
rv64ua-v-amominu_w	PASS	v-	7/18		23947	146	577261931	(146s) cyc=23947
rv64ua-v-amoor_d	PASS	v-	9/18		23897	75	492655124	(75s) cyc=23897
rv64ua-v-amoor_w	PASS	v-	10/18		23897	144	913135579	(144s) cyc=23897
rv64ua-v-amoswap_d	PASS	v-	11/18		24046	129	187570691	(129s) cyc=24046
rv64ua-v-amoswap_w	PASS	v-	12/18		24046	150	530341957	(150s) cyc=24046
rv64ua-v-amoxor_d	PASS	v-	13/18		23914	148	541798944	(148s) cyc=23914
rv64ua-v-amoxor_w	PASS	v-	14/18		23923	78	22845829	(78s) cyc=23923
rv64ua-v-lrsc	TIMEOUT	v-	15/18			724	434500265	
rv64uc-v-rvc	PASS	v-	14/18		32877	110	468907793	(110s) cyc=32877
rv64ud-v-fadd	PASS	v-	9/18		23593	81	900137872	(81s) cyc=23593
rv64ud-v-fclass	PASS	v-	10/18		14320	90	809922574	(90s) cyc=14320
rv64ud-v-fcmp	PASS	v-	11/18		23905	133	630431788	(133s) cyc=23905
rv64ud-v-fcvt	PASS	v-	12/18		23543	152	753866943	(152s) cyc=23543
rv64ud-v-fcvt_w	PASS	v-	13/18		34038	187	158472244	(187s) cyc=34038
rv64ud-v-fdiv	PASS	v-	14/18		23419	78	305680465	(78s) cyc=23419
rv64ud-v-fmadd	PASS	v-	15/18		23753	146	275812109	(146s) cyc=23753
rv64ud-v-fmin	PASS	v-	16/18		24224	118	526945341	(118s) cyc=24224
rv64ud-v-ldst	PASS	v-	17/18		23668	125	791578684	(125s) cyc=23668
rv64ud-v-move	PASS	v-	18/18		24405	116	583220524	(116s) cyc=24405
rv64ud-v-recoding	PASS	v-	1/18		23956	145	461280176	(145s) cyc=23956
rv64ud-v-structural	PASS	v-	2/18		14941	56	87668995	(56s) cyc=14941
rv64uf-v-fadd	PASS	v-	16/18		23593	115	584312768	(115s) cyc=23593
rv64uf-v-fclass	PASS	v-	17/18		14304	90	972193925	(90s) cyc=14304
rv64uf-v-fcmp	PASS	v-	18/18		23905	114	926480117	(114s) cyc=23905
rv64uf-v-fcvt	PASS	v-	1/18		23326	143	201427791	(143s) cyc=23326
rv64uf-v-fcvt_w	PASS	v-	2/18		33684	118	621347558	(118s) cyc=33684
rv64uf-v-fdiv	PASS	v-	3/18		23345	144	11470413	(144s) cyc=23345
rv64uf-v-fmadd	PASS	v-	4/18		23753	145	192807165	(145s) cyc=23753
rv64uf-v-fmin	PASS	v-	5/18		24224	115	1250029	(115s) cyc=24224
rv64uf-v-ldst	PASS	v-	6/18		23904	157	407792866	(157s) cyc=23904
rv64uf-v-move	PASS	v-	7/18		14997	94	199041628	(94s) cyc=14997
rv64uf-v-recoding	PASS	v-	8/18		22884	143	732538541	(143s) cyc=22884
rv64ui-v-add	PASS	v-	1/18		15553	102	870960862	(102s) cyc=15553
rv64ui-v-addi	PASS	v-	2/18		14854	65	7121614	(65s) cyc=14854
rv64ui-v-addiw	PASS	v-	3/18		14847	97	116907245	(97s) cyc=14847
rv64ui-v-addw	PASS	v-	4/18		15690	101	46551928	(101s) cyc=15690
rv64ui-v-and	FAIL	v-	7/18	45	15586	101	959251535	exit=45 cycles=15586 status=FAIL
rv64ui-v-andi	PASS	v-	8/18		14820	102	881881873	(102s) cyc=14820
rv64ui-v-auipc	PASS	v-	12/18		14097	93	500806600	(93s) cyc=14097
rv64ui-v-beq	PASS	v-	13/18		15508	103	157028233	(103s) cyc=15508
rv64ui-v-bge	PASS	v-	14/18		15911	54	991338210	(54s) cyc=15911
rv64ui-v-bgeu	PASS	v-	15/18		16134	102	408843390	(102s) cyc=16134
rv64ui-v-blt	PASS	v-	16/18		15506	79	164207397	(79s) cyc=15506
rv64ui-v-bltu	PASS	v-	17/18		15738	103	332568442	(103s) cyc=15738
rv64ui-v-bne	PASS	v-	18/18		15680	80	109993569	(80s) cyc=15680
rv64ui-v-fence_i	PASS	v-	17/18		24871	157	313844089	(157s) cyc=24871
rv64ui-v-jal	PASS	v-	1/18		14091	92	554204033	(92s) cyc=14091
rv64ui-v-jalr	PASS	v-	2/18		14588	61	319319155	(61s) cyc=14588
rv64ui-v-lb	PASS	v-	3/18		23422	148	834324403	(148s) cyc=23422
rv64ui-v-lbu	PASS	v-	4/18		23399	147	568680208	(147s) cyc=23399
rv64ui-v-ld	PASS	v-	9/18		24023	85	202172790	(85s) cyc=24023
rv64ui-v-ld_st	PASS	v-	14/18		44364	149	882584384	(149s) cyc=44364
rv64ui-v-lh	PASS	v-	5/18		23446	115	507909925	(115s) cyc=23446
rv64ui-v-lhu	PASS	v-	6/18		23472	171	483011011	(171s) cyc=23472
rv64ui-v-lui	PASS	v-	11/18		14177	85	675541026	(85s) cyc=14177
rv64ui-v-lw	PASS	v-	7/18		23465	150	632061063	(150s) cyc=23465
rv64ui-v-lwu	PASS	v-	8/18		23616	153	657757377	(153s) cyc=23616
rv64ui-v-ma_data	PASS	v-	18/18		49924	223	566905617	(223s) cyc=49924
rv64ui-v-or	PASS	v-	9/18		15900	58	565942922	(58s) cyc=15900
rv64ui-v-ori	PASS	v-	10/18		14785	97	220706920	(97s) cyc=14785
rv64ui-v-sb	PASS	v-	10/18		24528	154	494867915	(154s) cyc=24528
rv64ui-v-sd	PASS	v-	13/18		33555	215	46900033	(215s) cyc=33555
rv64ui-v-sh	PASS	v-	11/18		24679	142	130381918	(142s) cyc=24679
rv64ui-v-simple	PASS	v-	16/18		14104	71	159912998	(71s) cyc=14104
rv64ui-v-sll	PASS	v-	17/18		24424	155	767976286	(155s) cyc=24424
rv64ui-v-slli	PASS	v-	18/18		14899	76	284587774	(76s) cyc=14899
rv64ui-v-slliw	PASS	v-	1/18		15004	98	682446476	(98s) cyc=15004
rv64ui-v-sllw	PASS	v-	2/18		24300	98	475325090	(98s) cyc=24300
rv64ui-v-slt	PASS	v-	13/18		15530	102	478668108	(102s) cyc=15530
rv64ui-v-slti	PASS	v-	14/18		14839	50	993155850	(50s) cyc=14839
rv64ui-v-sltiu	PASS	v-	16/18		14839	75	538845925	(75s) cyc=14839
rv64ui-v-sltu	PASS	v-	15/18		15583	99	431213449	(99s) cyc=15583
rv64ui-v-sra	PASS	v-	7/18		15647	100	602058137	(100s) cyc=15647
rv64ui-v-srai	PASS	v-	8/18		14761	101	537115874	(101s) cyc=14761
rv64ui-v-sraiw	PASS	v-	9/18		15084	57	376278378	(57s) cyc=15084
rv64ui-v-sraw	PASS	v-	10/18		24357	154	515500296	(154s) cyc=24357
rv64ui-v-srl	PASS	v-	3/18		24439	153	549475040	(153s) cyc=24439
rv64ui-v-srli	PASS	v-	4/18		14797	94	406982399	(94s) cyc=14797
rv64ui-v-srliw	PASS	v-	5/18		15024	76	899462401	(76s) cyc=15024
rv64ui-v-srlw	PASS	v-	6/18		24464	174	647726827	(174s) cyc=24464
rv64ui-v-st_ld	PASS	v-	15/18		32952	204	610504368	(204s) cyc=32952
rv64ui-v-sub	PASS	v-	5/18		15654	78	27641839	(78s) cyc=15654
rv64ui-v-subw	PASS	v-	6/18		15643	113	942634540	(113s) cyc=15643
rv64ui-v-sw	PASS	v-	12/18		24831	159	403580736	(159s) cyc=24831
rv64ui-v-xor	PASS	v-	11/18		15901	94	589393606	(94s) cyc=15901
rv64ui-v-xori	PASS	v-	12/18		14775	97	920212310	(97s) cyc=14775
rv64um-v-div	PASS	v-	5/18		14287	73	110290001	(73s) cyc=14287
rv64um-v-divu	PASS	v-	6/18		14278	106	202976684	(106s) cyc=14278
rv64um-v-divuw	PASS	v-	11/18		14260	85	943796706	(85s) cyc=14260
rv64um-v-divw	PASS	v-	10/18		14266	94	521966916	(94s) cyc=14266
rv64um-v-mul	PASS	v-	1/18		15677	102	221012489	(102s) cyc=15677
rv64um-v-mulh	PASS	v-	2/18		15591	68	711677872	(68s) cyc=15591
rv64um-v-mulhsu	PASS	v-	3/18		15577	101	171169766	(101s) cyc=15577
rv64um-v-mulhu	PASS	v-	4/18		15744	100	482344299	(100s) cyc=15744
rv64um-v-mulw	PASS	v-	9/18		15538	57	885572396	(57s) cyc=15538
rv64um-v-rem	PASS	v-	7/18		14268	92	183447681	(92s) cyc=14268
rv64um-v-remu	PASS	v-	8/18		14268	96	605294399	(96s) cyc=14268
rv64um-v-remuw	PASS	v-	13/18		14256	94	500189243	(94s) cyc=14256
rv64um-v-remw	PASS	v-	12/18		14266	94	293060259	(94s) cyc=14266
rv64uzba-v-add_uw	PASS	v-	3/18		15565	97	903705843	(97s) cyc=15565
rv64uzba-v-sh1add	PASS	v-	4/18		15567	97	954325505	(97s) cyc=15567
rv64uzba-v-sh1add_uw	FAIL	v-	5/18	69	15521	75	945168883	exit=69 cycles=15521 status=FAIL
rv64uzba-v-sh2add	PASS	v-	6/18		15567	103	561645359	(103s) cyc=15567
rv64uzba-v-sh2add_uw	FAIL	v-	7/18	69	15521	96	683713704	exit=69 cycles=15521 status=FAIL
rv64uzba-v-sh3add	PASS	v-	8/18		15567	102	340081036	(102s) cyc=15567
rv64uzba-v-sh3add_uw	FAIL	v-	9/18	69	15521	50	901077912	exit=69 cycles=15521 status=FAIL
rv64uzba-v-slli_uw	PASS	v-	10/18		14909	93	323887496	(93s) cyc=14909
rv64uzbb-v-andn	PASS	v-	11/18		15759	87	139076451	(87s) cyc=15759
rv64uzbb-v-clz	PASS	v-	12/18		14757	95	559167822	(95s) cyc=14757
rv64uzbb-v-clzw	PASS	v-	13/18		14691	95	791311032	(95s) cyc=14691
rv64uzbb-v-cpop	PASS	v-	14/18		14757	50	416449337	(50s) cyc=14757
rv64uzbb-v-cpopw	PASS	v-	15/18		14691	90	650952052	(90s) cyc=14691
rv64uzbb-v-ctz	PASS	v-	16/18		14757	73	841488329	(73s) cyc=14757
rv64uzbb-v-ctzw	PASS	v-	17/18		14806	93	620513362	(93s) cyc=14806
rv64uzbb-v-max	PASS	v-	18/18		15397	74	652480185	(74s) cyc=15397
rv64uzbb-v-maxu	PASS	v-	1/18		15670	97	666575482	(97s) cyc=15670
rv64uzbb-v-min	PASS	v-	2/18		15388	56	178160129	(56s) cyc=15388
rv64uzbb-v-minu	PASS	v-	3/18		15430	95	448268889	(95s) cyc=15430
rv64uzbb-v-orc_b	PASS	v-	4/18		14799	91	464064843	(91s) cyc=14799
rv64uzbb-v-orn	PASS	v-	5/18		24467	101	416071958	(101s) cyc=24467
rv64uzbb-v-rev8	PASS	v-	6/18		14729	98	416399690	(98s) cyc=14729
rv64uzbb-v-rol	PASS	v-	7/18		24290	123	798193845	(123s) cyc=24290
rv64uzbb-v-rolw	PASS	v-	8/18		24241	134	251401805	(134s) cyc=24241
rv64uzbb-v-ror	PASS	v-	9/18		24423	81	959710798	(81s) cyc=24423
rv64uzbb-v-rori	PASS	v-	10/18		14849	93	645835387	(93s) cyc=14849
rv64uzbb-v-roriw	PASS	v-	11/18		14906	79	324880837	(79s) cyc=14906
rv64uzbb-v-rorw	PASS	v-	12/18		15695	95	409032477	(95s) cyc=15695
rv64uzbb-v-sext_b	PASS	v-	13/18		14757	93	581254374	(93s) cyc=14757
rv64uzbb-v-sext_h	PASS	v-	14/18		14767	43	285899055	(43s) cyc=14767
rv64uzbb-v-xnor	PASS	v-	15/18		24412	128	203105375	(128s) cyc=24412
rv64uzbb-v-zext_h	PASS	v-	16/18		14772	74	421232240	(74s) cyc=14772
rv64uzbc-v-clmul	PASS	v-	17/18		15686	97	928754941	(97s) cyc=15686
rv64uzbc-v-clmulh	PASS	v-	18/18		15691	57	424416391	(57s) cyc=15691
rv64uzbc-v-clmulr	PASS	v-	1/18		15686	74	781163740	(74s) cyc=15686
rv64uzbkb-v-brev8	PASS	v-	2/18		14647	54	473499869	(54s) cyc=14647
rv64uzbkb-v-pack	PASS	v-	3/18		24681	90	256573483	(90s) cyc=24681
rv64uzbkb-v-packh	PASS	v-	4/18		15730	73	30064579	(73s) cyc=15730
rv64uzbkb-v-packw	PASS	v-	5/18		15579	70	195300318	(70s) cyc=15579
rv64uzbkx-v-xperm4	PASS	v-	6/18		24520	94	188601775	(94s) cyc=24520
rv64uzbkx-v-xperm8	PASS	v-	7/18		25393	123	993510625	(123s) cyc=25393
rv64uzbs-v-bclr	PASS	v-	8/18		24546	121	879271706	(121s) cyc=24546
rv64uzbs-v-bclri	PASS	v-	9/18		14886	52	989585446	(52s) cyc=14886
rv64uzbs-v-bext	PASS	v-	10/18		24430	112	246475470	(112s) cyc=24430
rv64uzbs-v-bexti	PASS	v-	11/18		14823	64	960720424	(64s) cyc=14823
rv64uzbs-v-binv	PASS	v-	12/18		24427	110	925717056	(110s) cyc=24427
rv64uzbs-v-binvi	PASS	v-	13/18		14936	85	677804432	(85s) cyc=14936
rv64uzbs-v-bset	PASS	v-	14/18		24598	56	674617326	(56s) cyc=24598
rv64uzbs-v-bseti	PASS	v-	15/18		14726	90	347607763	(90s) cyc=14726
rv64uzfh-v-fadd	PASS	v-	16/18		23593	83	321144629	(83s) cyc=23593
rv64uzfh-v-fclass	PASS	v-	17/18		14304	78	160426408	(78s) cyc=14304
rv64uzfh-v-fcmp	PASS	v-	18/18		23240	79	960725951	(79s) cyc=23240
rv64uzfh-v-fcvt	PASS	v-	1/18		23479	88	685544814	(88s) cyc=23479
rv64uzfh-v-fcvt_w	PASS	v-	2/18		33684	73	811903432	(73s) cyc=33684
rv64uzfh-v-fdiv	PASS	v-	3/18		23345	85	943537094	(85s) cyc=23345
rv64uzfh-v-fmadd	PASS	v-	4/18		23753	87	192940615	(87s) cyc=23753
rv64uzfh-v-fmin	PASS	v-	5/18		24224	81	925777810	(81s) cyc=24224
rv64uzfh-v-ldst	PASS	v-	6/18		23839	88	509660375	(88s) cyc=23839
rv64uzfh-v-move	PASS	v-	7/18		14897	86	707756807	(86s) cyc=14897
rv64uzfh-v-recoding	PASS	v-	8/18		22884	98	738374286	(98s) cyc=22884
rv64uziccid-v-ziccid	PASS	v-	11/18		163785	498	123996751	(498s) cyc=163785
rv64uzicond-v-czero_eqz	PASS	v-	9/18		15317	34	860166935	(34s) cyc=15317
rv64uzicond-v-czero_nez	PASS	v-	10/18		15330	59	770170669	(59s) cyc=15330
